detector,group,condition,camouflage,gamma,seed,n_nodes,auc,ap
AnomalyDAE,indirect,A,global,0.0,0,1000,0.9661052631578948,0.7699252466897889
AnomalyDAE,indirect,A,global,0.0,1,1000,0.8532421052631579,0.2723973960606773
AnomalyDAE,indirect,A,global,0.0,2,1000,0.819178947368421,0.4135011771332549
AnomalyDAE,indirect,A,global,0.0,3,1000,0.9634315789473684,0.7033541250061317
AnomalyDAE,indirect,A,global,0.0,4,1000,0.930378947368421,0.6880746418824928
AnomalyDAE,indirect,A,global,0.1,0,1000,0.8035789473684211,0.413790465406743
AnomalyDAE,indirect,A,global,0.1,1,1000,0.960042105263158,0.7501883615841117
AnomalyDAE,indirect,A,global,0.1,2,1000,0.9829263157894736,0.7976530950339217
AnomalyDAE,indirect,A,global,0.1,3,1000,0.7589052631578947,0.2823434383734777
AnomalyDAE,indirect,A,global,0.1,4,1000,0.8617684210526316,0.5430761206683756
AnomalyDAE,indirect,A,global,0.2,0,1000,0.7699368421052633,0.1553197440301966
AnomalyDAE,indirect,A,global,0.2,1,1000,0.7384421052631579,0.1517511083291021
AnomalyDAE,indirect,A,global,0.2,2,1000,0.797957894736842,0.3836726954221505
AnomalyDAE,indirect,A,global,0.2,3,1000,0.7201473684210526,0.2505002949529541
AnomalyDAE,indirect,A,global,0.2,4,1000,0.6704631578947368,0.129404451084069
AnomalyDAE,indirect,A,global,0.3,0,1000,0.6310736842105263,0.1728192434241968
AnomalyDAE,indirect,A,global,0.3,1,1000,0.7337052631578947,0.2169982670268133
AnomalyDAE,indirect,A,global,0.3,2,1000,0.5831368421052631,0.2643001542281713
AnomalyDAE,indirect,A,global,0.3,3,1000,0.8689684210526316,0.276849479816743
AnomalyDAE,indirect,A,global,0.3,4,1000,0.4946526315789473,0.0853762850573459
AnomalyDAE,indirect,A,global,0.4,0,1000,0.6330947368421052,0.120761514998749
AnomalyDAE,indirect,A,global,0.4,1,1000,0.5202526315789473,0.0640186733562969
AnomalyDAE,indirect,A,global,0.4,2,1000,0.4934526315789474,0.0586058868268019
AnomalyDAE,indirect,A,global,0.4,3,1000,0.5213368421052632,0.0536955303881827
AnomalyDAE,indirect,A,global,0.4,4,1000,0.4439157894736842,0.1618215885622515
AnomalyDAE,indirect,A,global,0.5,0,1000,0.4123578947368421,0.0420908682603094
AnomalyDAE,indirect,A,global,0.5,1,1000,0.5187368421052632,0.1472526186450465
AnomalyDAE,indirect,A,global,0.5,2,1000,0.5107157894736841,0.0495046852632018
AnomalyDAE,indirect,A,global,0.5,3,1000,0.4499368421052631,0.0508525349970985
AnomalyDAE,indirect,A,global,0.5,4,1000,0.3852842105263158,0.0398150274003737
AnomalyDAE,indirect,A,global,0.6,0,1000,0.2133684210526315,0.0299212502292786
AnomalyDAE,indirect,A,global,0.6,1,1000,0.352821052631579,0.036924008345423
AnomalyDAE,indirect,A,global,0.6,2,1000,0.4052631578947369,0.0621963925407139
AnomalyDAE,indirect,A,global,0.6,3,1000,0.4925368421052631,0.0693698741416671
AnomalyDAE,indirect,A,global,0.6,4,1000,0.336778947368421,0.0393913803407886
AnomalyDAE,indirect,A,global,0.7,0,1000,0.0514315789473684,0.0264721414265549
AnomalyDAE,indirect,A,global,0.7,1,1000,0.4182526315789474,0.0442004074786932
AnomalyDAE,indirect,A,global,0.7,2,1000,0.2118526315789473,0.0305369094152054
AnomalyDAE,indirect,A,global,0.7,3,1000,0.269978947368421,0.0320141206369237
AnomalyDAE,indirect,A,global,0.7,4,1000,0.2717052631578947,0.0337314399540682
AnomalyDAE,indirect,A,global,0.8,0,1000,0.073178947368421,0.0265249013423225
AnomalyDAE,indirect,A,global,0.8,1,1000,0.1465894736842105,0.0280857538451783
AnomalyDAE,indirect,A,global,0.8,2,1000,0.1961473684210526,0.030182995463953
AnomalyDAE,indirect,A,global,0.8,3,1000,0.4071368421052631,0.0730657474512144
AnomalyDAE,indirect,A,global,0.8,4,1000,0.0942736842105263,0.0267668100011231
AnomalyDAE,indirect,A,global,0.9,0,1000,0.0674947368421052,0.0264634800501105
AnomalyDAE,indirect,A,global,0.9,1,1000,0.2796,0.0324203594281452
AnomalyDAE,indirect,A,global,0.9,2,1000,0.1522105263157894,0.0283584343790991
AnomalyDAE,indirect,A,global,0.9,3,1000,0.2627578947368421,0.0352112148657033
AnomalyDAE,indirect,A,global,0.9,4,1000,0.1491578947368421,0.0310434727006169
AnomalyDAE,indirect,A,global,1.0,0,1000,0.3093263157894736,0.1454848932249287
AnomalyDAE,indirect,A,global,1.0,1,1000,0.2262315789473684,0.0307160159501521
AnomalyDAE,indirect,A,global,1.0,2,1000,0.2309473684210526,0.0324033074487585
AnomalyDAE,indirect,A,global,1.0,3,1000,0.0914736842105263,0.02698146016398
AnomalyDAE,indirect,A,global,1.0,4,1000,0.2084210526315789,0.0355788082799082
CoLA,indirect,A,global,0.0,0,1000,0.7300421052631578,0.1620203952866568
CoLA,indirect,A,global,0.0,1,1000,0.7189473684210526,0.2055618627092061
CoLA,indirect,A,global,0.0,2,1000,0.7304631578947369,0.2514104961004148
CoLA,indirect,A,global,0.0,3,1000,0.7150947368421052,0.2466958794969724
CoLA,indirect,A,global,0.0,4,1000,0.7213684210526317,0.2255642962326072
CoLA,indirect,A,global,0.1,0,1000,0.7141263157894737,0.2020828033850154
CoLA,indirect,A,global,0.1,1,1000,0.7590105263157896,0.278068325361386
CoLA,indirect,A,global,0.1,2,1000,0.7038105263157894,0.1792523794268138
CoLA,indirect,A,global,0.1,3,1000,0.7235368421052631,0.2033425206865969
CoLA,indirect,A,global,0.1,4,1000,0.6476842105263159,0.118224078252422
CoLA,indirect,A,global,0.2,0,1000,0.7332842105263158,0.2180125776449162
CoLA,indirect,A,global,0.2,1,1000,0.7846526315789474,0.2289161716609447
CoLA,indirect,A,global,0.2,2,1000,0.7453894736842105,0.2138690764112051
CoLA,indirect,A,global,0.2,3,1000,0.7141894736842105,0.2101588321214631
CoLA,indirect,A,global,0.2,4,1000,0.696821052631579,0.1636157705281099
CoLA,indirect,A,global,0.3,0,1000,0.6976,0.1500964391632002
CoLA,indirect,A,global,0.3,1,1000,0.7547789473684211,0.3059276401482063
CoLA,indirect,A,global,0.3,2,1000,0.7286947368421053,0.1733063453772514
CoLA,indirect,A,global,0.3,3,1000,0.7857263157894737,0.2679290523365065
CoLA,indirect,A,global,0.3,4,1000,0.684821052631579,0.1224970337690261
CoLA,indirect,A,global,0.4,0,1000,0.6917263157894736,0.1063036256207483
CoLA,indirect,A,global,0.4,1,1000,0.7496842105263157,0.2800428047316087
CoLA,indirect,A,global,0.4,2,1000,0.8028105263157895,0.3121311211955827
CoLA,indirect,A,global,0.4,3,1000,0.7683368421052631,0.3119849878249665
CoLA,indirect,A,global,0.4,4,1000,0.7413263157894736,0.2375421961226632
CoLA,indirect,A,global,0.5,0,1000,0.7240842105263158,0.1514814081392634
CoLA,indirect,A,global,0.5,1,1000,0.7796000000000001,0.2122582527809245
CoLA,indirect,A,global,0.5,2,1000,0.7809157894736842,0.2339015928607117
CoLA,indirect,A,global,0.5,3,1000,0.8068,0.3247961014782849
CoLA,indirect,A,global,0.5,4,1000,0.7422315789473685,0.2538653156638907
CoLA,indirect,A,global,0.6,0,1000,0.7461263157894736,0.2139300521376194
CoLA,indirect,A,global,0.6,1,1000,0.7869684210526317,0.1835649446420612
CoLA,indirect,A,global,0.6,2,1000,0.7907368421052632,0.3188694128192887
CoLA,indirect,A,global,0.6,3,1000,0.7991578947368422,0.215089016252232
CoLA,indirect,A,global,0.6,4,1000,0.7241894736842105,0.1824449712848326
CoLA,indirect,A,global,0.7,0,1000,0.8567368421052632,0.3851204896673527
CoLA,indirect,A,global,0.7,1,1000,0.822378947368421,0.3410794650236031
CoLA,indirect,A,global,0.7,2,1000,0.7747157894736842,0.3375605040052004
CoLA,indirect,A,global,0.7,3,1000,0.8350947368421052,0.4212001950049336
CoLA,indirect,A,global,0.7,4,1000,0.7648,0.2391651132997533
CoLA,indirect,A,global,0.8,0,1000,0.8447157894736842,0.4263857953283055
CoLA,indirect,A,global,0.8,1,1000,0.8199368421052632,0.3940451759683654
CoLA,indirect,A,global,0.8,2,1000,0.8311368421052632,0.4055267121869284
CoLA,indirect,A,global,0.8,3,1000,0.8035789473684211,0.3349213111365443
CoLA,indirect,A,global,0.8,4,1000,0.7662736842105263,0.2809433174550125
CoLA,indirect,A,global,0.9,0,1000,0.7659368421052632,0.2272851122596804
CoLA,indirect,A,global,0.9,1,1000,0.7972,0.2923330462314036
CoLA,indirect,A,global,0.9,2,1000,0.8433263157894737,0.4271363841186769
CoLA,indirect,A,global,0.9,3,1000,0.7745894736842105,0.2672973690931945
CoLA,indirect,A,global,0.9,4,1000,0.8444631578947368,0.437090949003337
CoLA,indirect,A,global,1.0,0,1000,0.8654526315789473,0.4105145176007266
CoLA,indirect,A,global,1.0,1,1000,0.8298105263157896,0.3346165040538626
CoLA,indirect,A,global,1.0,2,1000,0.779242105263158,0.3231231157009497
CoLA,indirect,A,global,1.0,3,1000,0.8102947368421052,0.2964539795064804
CoLA,indirect,A,global,1.0,4,1000,0.7892421052631579,0.3271823701157403
DOMINANT,indirect,A,global,0.0,0,1000,0.6674105263157895,0.084414457534431
DOMINANT,indirect,A,global,0.0,1,1000,0.684442105263158,0.1063522250883921
DOMINANT,indirect,A,global,0.0,2,1000,0.6461263157894737,0.1216005210273437
DOMINANT,indirect,A,global,0.0,3,1000,0.6128210526315788,0.0902537594287849
DOMINANT,indirect,A,global,0.0,4,1000,0.653663157894737,0.1132748080882343
DOMINANT,indirect,A,global,0.1,0,1000,0.4421684210526315,0.0420162352857311
DOMINANT,indirect,A,global,0.1,1,1000,0.5007578947368421,0.0489372647968487
DOMINANT,indirect,A,global,0.1,2,1000,0.5108842105263158,0.0645125914350808
DOMINANT,indirect,A,global,0.1,3,1000,0.4932842105263158,0.0520855482646485
DOMINANT,indirect,A,global,0.1,4,1000,0.4524421052631578,0.0504753236590595
DOMINANT,indirect,A,global,0.2,0,1000,0.2534947368421053,0.031395502986097
DOMINANT,indirect,A,global,0.2,1,1000,0.3396,0.0350815568397019
DOMINANT,indirect,A,global,0.2,2,1000,0.2964421052631579,0.0333208326237246
DOMINANT,indirect,A,global,0.2,3,1000,0.1892210526315789,0.0292700867156835
DOMINANT,indirect,A,global,0.2,4,1000,0.2401473684210526,0.0309631096488048
DOMINANT,indirect,A,global,0.3,0,1000,0.1134315789473684,0.0275336133402194
DOMINANT,indirect,A,global,0.3,1,1000,0.1554526315789473,0.0284851617213841
DOMINANT,indirect,A,global,0.3,2,1000,0.1133684210526316,0.0273025042788957
DOMINANT,indirect,A,global,0.3,3,1000,0.0911157894736842,0.0270585272137774
DOMINANT,indirect,A,global,0.3,4,1000,0.0978526315789473,0.0269997137167166
DOMINANT,indirect,A,global,0.4,0,1000,0.0179368421052631,0.0261232956930198
DOMINANT,indirect,A,global,0.4,1,1000,0.0319578947368421,0.0261746836618527
DOMINANT,indirect,A,global,0.4,2,1000,0.0448842105263158,0.0263213039706633
DOMINANT,indirect,A,global,0.4,3,1000,0.0154105263157894,0.0260486801868126
DOMINANT,indirect,A,global,0.4,4,1000,0.0250105263157894,0.026077654123185
DOMINANT,indirect,A,global,0.5,0,1000,0.0028,0.0259475321650463
DOMINANT,indirect,A,global,0.5,1,1000,0.0038315789473684,0.0259466898343578
DOMINANT,indirect,A,global,0.5,2,1000,0.0241894736842105,0.0260915873378525
DOMINANT,indirect,A,global,0.5,3,1000,0.0036842105263157,0.0259436566801285
DOMINANT,indirect,A,global,0.5,4,1000,0.0088631578947368,0.0259584049593285
DOMINANT,indirect,A,global,0.6,0,1000,6.315789473684274e-05,0.0259273021361412
DOMINANT,indirect,A,global,0.6,1,1000,0.0,0.0259272355839443
DOMINANT,indirect,A,global,0.6,2,1000,0.0007157894736842,0.0259299408205963
DOMINANT,indirect,A,global,0.6,3,1000,0.0,0.0259272355839443
DOMINANT,indirect,A,global,0.6,4,1000,2.105263157894832e-05,0.0259272577213066
DOMINANT,indirect,A,global,0.7,0,1000,0.0,0.0259272355839443
DOMINANT,indirect,A,global,0.7,1,1000,0.0,0.0259272355839443
DOMINANT,indirect,A,global,0.7,2,1000,0.0,0.0259272355839443
DOMINANT,indirect,A,global,0.7,3,1000,0.0,0.0259272355839443
DOMINANT,indirect,A,global,0.7,4,1000,0.0,0.0259272355839443
DOMINANT,indirect,A,global,0.8,0,1000,0.0,0.0259272355839443
DOMINANT,indirect,A,global,0.8,1,1000,0.0,0.0259272355839443
DOMINANT,indirect,A,global,0.8,2,1000,0.0,0.0259272355839443
DOMINANT,indirect,A,global,0.8,3,1000,0.0,0.0259272355839443
DOMINANT,indirect,A,global,0.8,4,1000,0.0,0.0259272355839443
DOMINANT,indirect,A,global,0.9,0,1000,0.0,0.0259272355839443
DOMINANT,indirect,A,global,0.9,1,1000,0.0,0.0259272355839443
DOMINANT,indirect,A,global,0.9,2,1000,0.0,0.0259272355839443
DOMINANT,indirect,A,global,0.9,3,1000,0.0,0.0259272355839443
DOMINANT,indirect,A,global,0.9,4,1000,0.0,0.0259272355839443
DOMINANT,indirect,A,global,1.0,0,1000,0.0,0.0259272355839443
DOMINANT,indirect,A,global,1.0,1,1000,0.0,0.0259272355839443
DOMINANT,indirect,A,global,1.0,2,1000,0.0,0.0259272355839443
DOMINANT,indirect,A,global,1.0,3,1000,0.0,0.0259272355839443
DOMINANT,indirect,A,global,1.0,4,1000,0.0,0.0259272355839443
DONE,indirect,A,global,0.0,0,1000,0.7740842105263158,0.1113721087050337
DONE,indirect,A,global,0.0,1,1000,0.7357684210526315,0.1060186377948577
DONE,indirect,A,global,0.0,2,1000,0.7236210526315789,0.099193457528996
DONE,indirect,A,global,0.0,3,1000,0.7926315789473685,0.1193538335093662
DONE,indirect,A,global,0.0,4,1000,0.7297894736842105,0.1235349575695513
DONE,indirect,A,global,0.1,0,1000,0.6508631578947369,0.093938457112387
DONE,indirect,A,global,0.1,1,1000,0.5755157894736842,0.0580811754142738
DONE,indirect,A,global,0.1,2,1000,0.6346315789473684,0.0730136939779426
DONE,indirect,A,global,0.1,3,1000,0.6211368421052632,0.0763632490557439
DONE,indirect,A,global,0.1,4,1000,0.6242526315789473,0.0782797617245161
DONE,indirect,A,global,0.2,0,1000,0.3676210526315789,0.0475699248402173
DONE,indirect,A,global,0.2,1,1000,0.5353473684210526,0.0529314258818849
DONE,indirect,A,global,0.2,2,1000,0.4280842105263158,0.0514322617080662
DONE,indirect,A,global,0.2,3,1000,0.4523789473684211,0.0463729141914104
DONE,indirect,A,global,0.2,4,1000,0.4629263157894737,0.0816391391347593
DONE,indirect,A,global,0.3,0,1000,0.2793894736842106,0.0332022216573343
DONE,indirect,A,global,0.3,1,1000,0.3793894736842105,0.0376108700369351
DONE,indirect,A,global,0.3,2,1000,0.4245263157894737,0.0536143674138135
DONE,indirect,A,global,0.3,3,1000,0.2955578947368421,0.0335903913976265
DONE,indirect,A,global,0.3,4,1000,0.3992421052631579,0.0459145436320854
DONE,indirect,A,global,0.4,0,1000,0.2167157894736842,0.035072871939323
DONE,indirect,A,global,0.4,1,1000,0.1722526315789473,0.0290020429352735
DONE,indirect,A,global,0.4,2,1000,0.2198526315789473,0.0439101847067194
DONE,indirect,A,global,0.4,3,1000,0.1801684210526315,0.0295403718019849
DONE,indirect,A,global,0.4,4,1000,0.2868842105263158,0.043857783907836
DONE,indirect,A,global,0.5,0,1000,0.1262105263157894,0.0284522971961203
DONE,indirect,A,global,0.5,1,1000,0.1120421052631579,0.0280841305873045
DONE,indirect,A,global,0.5,2,1000,0.1847368421052631,0.0315669952606536
DONE,indirect,A,global,0.5,3,1000,0.2431368421052631,0.0839806565538183
DONE,indirect,A,global,0.5,4,1000,0.1829684210526316,0.0473702108746594
DONE,indirect,A,global,0.6,0,1000,0.1857473684210526,0.0360308145963143
DONE,indirect,A,global,0.6,1,1000,0.1293263157894736,0.0289693934466643
DONE,indirect,A,global,0.6,2,1000,0.1296631578947368,0.0282858353237164
DONE,indirect,A,global,0.6,3,1000,0.2092210526315789,0.0419845596870277
DONE,indirect,A,global,0.6,4,1000,0.1566947368421052,0.0456641311196076
DONE,indirect,A,global,0.7,0,1000,0.0915157894736842,0.0290810471425655
DONE,indirect,A,global,0.7,1,1000,0.0646736842105263,0.0464009597854582
DONE,indirect,A,global,0.7,2,1000,0.1242526315789473,0.0279590902563028
DONE,indirect,A,global,0.7,3,1000,0.1155578947368421,0.0312301637540492
DONE,indirect,A,global,0.7,4,1000,0.1165684210526315,0.0384327189274163
DONE,indirect,A,global,0.8,0,1000,0.0671157894736842,0.0284558161422982
DONE,indirect,A,global,0.8,1,1000,0.0527368421052631,0.0274261682167734
DONE,indirect,A,global,0.8,2,1000,0.1356421052631579,0.031996215976221
DONE,indirect,A,global,0.8,3,1000,0.1289473684210526,0.035108208702774
DONE,indirect,A,global,0.8,4,1000,0.0921684210526316,0.0322549625032134
DONE,indirect,A,global,0.9,0,1000,0.1502947368421052,0.0400267489468029
DONE,indirect,A,global,0.9,1,1000,0.0614315789473684,0.0297242618887864
DONE,indirect,A,global,0.9,2,1000,0.0702526315789473,0.0316399551577615
DONE,indirect,A,global,0.9,3,1000,0.0861052631578947,0.0365302230406023
DONE,indirect,A,global,0.9,4,1000,0.1254526315789473,0.0301549391400025
DONE,indirect,A,global,1.0,0,1000,0.0993263157894737,0.0365829315026509
DONE,indirect,A,global,1.0,1,1000,0.0878947368421052,0.0280534266910083
DONE,indirect,A,global,1.0,2,1000,0.126778947368421,0.0293272884019397
DONE,indirect,A,global,1.0,3,1000,0.1115157894736842,0.029510695547352
DONE,indirect,A,global,1.0,4,1000,0.1385473684210526,0.0283156570746773
GAE,direct,A,global,0.0,0,1000,0.4813894736842105,0.05443340995516735
GAE,direct,A,global,0.0,1,1000,0.4918105263157894,0.047664652242900576
GAE,direct,A,global,0.0,2,1000,0.5060210526315789,0.07410201454559505
GAE,direct,A,global,0.0,3,1000,0.5216842105263158,0.06234073325914147
GAE,direct,A,global,0.0,4,1000,0.6163368421052632,0.07323086243511712
GAE,direct,A,global,0.1,0,1000,0.48145263157894735,0.05440357055952584
GAE,direct,A,global,0.1,1,1000,0.4925473684210526,0.047711025886372535
GAE,direct,A,global,0.1,2,1000,0.5078947368421052,0.07500002672011441
GAE,direct,A,global,0.1,3,1000,0.518378947368421,0.06123448632535458
GAE,direct,A,global,0.1,4,1000,0.6162105263157894,0.07322968780964018
GAE,direct,A,global,0.2,0,1000,0.481378947368421,0.05439573416517241
GAE,direct,A,global,0.2,1,1000,0.49168421052631583,0.047613246888436905
GAE,direct,A,global,0.2,2,1000,0.5062842105263158,0.07348542305924038
GAE,direct,A,global,0.2,3,1000,0.5179578947368422,0.06129523835358265
GAE,direct,A,global,0.2,4,1000,0.6173263157894737,0.07323781461729928
GAE,direct,A,global,0.3,0,1000,0.4809368421052632,0.05422560668610604
GAE,direct,A,global,0.3,1,1000,0.4924631578947369,0.04773665633939942
GAE,direct,A,global,0.3,2,1000,0.5082842105263159,0.07432233252185098
GAE,direct,A,global,0.3,3,1000,0.5189052631578946,0.06147112564657332
GAE,direct,A,global,0.3,4,1000,0.6159368421052631,0.07340128863007125
GAE,direct,A,global,0.4,0,1000,0.4805263157894737,0.054379835513811176
GAE,direct,A,global,0.4,1,1000,0.49187368421052635,0.04761844565370785
GAE,direct,A,global,0.4,2,1000,0.5069263157894737,0.07519849234642198
GAE,direct,A,global,0.4,3,1000,0.5166105263157895,0.06063001772879937
GAE,direct,A,global,0.4,4,1000,0.6156421052631579,0.07346222333858123
GAE,direct,A,global,0.5,0,1000,0.4808,0.05438509070681883
GAE,direct,A,global,0.5,1,1000,0.49170526315789476,0.04763202861515119
GAE,direct,A,global,0.5,2,1000,0.5077894736842106,0.07362396794215742
GAE,direct,A,global,0.5,3,1000,0.5171789473684211,0.06088895140742851
GAE,direct,A,global,0.5,4,1000,0.6170421052631578,0.07313736316335318
GAE,direct,A,global,0.6,0,1000,0.4803578947368421,0.0543738247088876
GAE,direct,A,global,0.6,1,1000,0.4921894736842105,0.047671803118058464
GAE,direct,A,global,0.6,2,1000,0.5065473684210526,0.07404890119235287
GAE,direct,A,global,0.6,3,1000,0.5180842105263158,0.06119064866446333
GAE,direct,A,global,0.6,4,1000,0.6154526315789473,0.07312071272498871
GAE,direct,A,global,0.7,0,1000,0.47989473684210526,0.05447657530994552
GAE,direct,A,global,0.7,1,1000,0.49190526315789473,0.04763753718749352
GAE,direct,A,global,0.7,2,1000,0.5073052631578947,0.074116144993607
GAE,direct,A,global,0.7,3,1000,0.5180631578947369,0.061149089761258935
GAE,direct,A,global,0.7,4,1000,0.6157789473684211,0.07341176940761421
GAE,direct,A,global,0.8,0,1000,0.4798315789473684,0.05429455612193225
GAE,direct,A,global,0.8,1,1000,0.4934947368421053,0.04780974345428756
GAE,direct,A,global,0.8,2,1000,0.5072,0.07318649196676233
GAE,direct,A,global,0.8,3,1000,0.5185052631578947,0.061451454797678405
GAE,direct,A,global,0.8,4,1000,0.6158526315789472,0.07314658311414451
GAE,direct,A,global,0.9,0,1000,0.4790315789473684,0.05435120381784146
GAE,direct,A,global,0.9,1,1000,0.4933684210526315,0.04776174364528599
GAE,direct,A,global,0.9,2,1000,0.5078631578947368,0.07395860434427384
GAE,direct,A,global,0.9,3,1000,0.5187578947368421,0.061402451178602296
GAE,direct,A,global,0.9,4,1000,0.6168421052631579,0.07322808418541002
GAE,direct,A,global,1.0,0,1000,0.4808631578947369,0.05439540835750096
GAE,direct,A,global,1.0,1,1000,0.4931789473684211,0.047746959079455704
GAE,direct,A,global,1.0,2,1000,0.5074105263157895,0.0747641810353463
GAE,direct,A,global,1.0,3,1000,0.5183578947368421,0.061204526507665225
GAE,direct,A,global,1.0,4,1000,0.6156842105263157,0.07350484047546962
GCAD,indirect,A,global,0.0,0,1000,0.8689894736842105,0.3149634441814103
GCAD,indirect,A,global,0.0,1,1000,0.9006315789473684,0.3813068434606414
GCAD,indirect,A,global,0.0,2,1000,0.937157894736842,0.5769623356411621
GCAD,indirect,A,global,0.0,3,1000,0.9316842105263158,0.6552706536918793
GCAD,indirect,A,global,0.0,4,1000,0.8485473684210526,0.3720825917378369
GCAD,indirect,A,global,0.1,0,1000,0.7391157894736843,0.1186909113740592
GCAD,indirect,A,global,0.1,1,1000,0.7826947368421053,0.1489430204450313
GCAD,indirect,A,global,0.1,2,1000,0.8147789473684209,0.3153993788469926
GCAD,indirect,A,global,0.1,3,1000,0.8345894736842105,0.3757942316258346
GCAD,indirect,A,global,0.1,4,1000,0.7163999999999999,0.1807295923171179
GCAD,indirect,A,global,0.2,0,1000,0.54,0.0538982311600992
GCAD,indirect,A,global,0.2,1,1000,0.5853684210526315,0.0606723181618863
GCAD,indirect,A,global,0.2,2,1000,0.6896631578947368,0.1287250788507391
GCAD,indirect,A,global,0.2,3,1000,0.6770947368421053,0.11447956137124
GCAD,indirect,A,global,0.2,4,1000,0.5202947368421051,0.0603352976749832
GCAD,indirect,A,global,0.3,0,1000,0.3083789473684211,0.0335168879051542
GCAD,indirect,A,global,0.3,1,1000,0.333221052631579,0.0347713550491309
GCAD,indirect,A,global,0.3,2,1000,0.4214105263157894,0.0418672243017192
GCAD,indirect,A,global,0.3,3,1000,0.4166315789473684,0.0402660828463828
GCAD,indirect,A,global,0.3,4,1000,0.3132,0.0343720470471137
GCAD,indirect,A,global,0.4,0,1000,0.1014526315789473,0.0272612944464974
GCAD,indirect,A,global,0.4,1,1000,0.1302947368421052,0.0279006255008962
GCAD,indirect,A,global,0.4,2,1000,0.2084421052631578,0.0300279331835474
GCAD,indirect,A,global,0.4,3,1000,0.1894526315789473,0.0293327943344878
GCAD,indirect,A,global,0.4,4,1000,0.1391578947368421,0.0277649236102276
GCAD,indirect,A,global,0.5,0,1000,0.0170105263157894,0.0260781117696113
GCAD,indirect,A,global,0.5,1,1000,0.0251157894736842,0.0261653754107649
GCAD,indirect,A,global,0.5,2,1000,0.0588210526315789,0.0265913894432806
GCAD,indirect,A,global,0.5,3,1000,0.0515368421052631,0.0264855707315408
GCAD,indirect,A,global,0.5,4,1000,0.0357894736842105,0.0261743662837748
GCAD,indirect,A,global,0.6,0,1000,0.001578947368421,0.0259404111294931
GCAD,indirect,A,global,0.6,1,1000,0.0026526315789473,0.0259396653578536
GCAD,indirect,A,global,0.6,2,1000,0.010378947368421,0.025996136355297
GCAD,indirect,A,global,0.6,3,1000,0.0074105263157894,0.0259821311091159
GCAD,indirect,A,global,0.6,4,1000,0.0069052631578947,0.0259593282014828
GCAD,indirect,A,global,0.7,0,1000,8.421052631579328e-05,0.0259274560296199
GCAD,indirect,A,global,0.7,1,1000,0.0001263157894736,0.0259273909204868
GCAD,indirect,A,global,0.7,2,1000,0.0013263157894736,0.0259317270221325
GCAD,indirect,A,global,0.7,3,1000,0.0006105263157894,0.0259308259459865
GCAD,indirect,A,global,0.7,4,1000,4.210526315789664e-05,0.0259273019030172
GCAD,indirect,A,global,0.8,0,1000,0.0,0.0259272355839443
GCAD,indirect,A,global,0.8,1,1000,0.0,0.0259272355839443
GCAD,indirect,A,global,0.8,2,1000,2.105263157894832e-05,0.0259272577213066
GCAD,indirect,A,global,0.8,3,1000,2.105263157894832e-05,0.0259272577213066
GCAD,indirect,A,global,0.8,4,1000,0.0,0.0259272355839443
GCAD,indirect,A,global,0.9,0,1000,0.0,0.0259272355839443
GCAD,indirect,A,global,0.9,1,1000,0.0,0.0259272355839443
GCAD,indirect,A,global,0.9,2,1000,0.0,0.0259272355839443
GCAD,indirect,A,global,0.9,3,1000,0.0,0.0259272355839443
GCAD,indirect,A,global,0.9,4,1000,0.0,0.0259272355839443
GCAD,indirect,A,global,1.0,0,1000,0.0,0.0259272355839443
GCAD,indirect,A,global,1.0,1,1000,0.0,0.0259272355839443
GCAD,indirect,A,global,1.0,2,1000,0.0,0.0259272355839443
GCAD,indirect,A,global,1.0,3,1000,0.0,0.0259272355839443
GCAD,indirect,A,global,1.0,4,1000,0.0,0.0259272355839443
GCAD+IDK,indirect,A,global,0.0,0,1000,0.8550947368421052,0.2162056665440718
GCAD+IDK,indirect,A,global,0.0,1,1000,0.8832947368421052,0.4059454986992811
GCAD+IDK,indirect,A,global,0.0,2,1000,0.915842105263158,0.5269967076312667
GCAD+IDK,indirect,A,global,0.0,3,1000,0.894421052631579,0.5650255912722608
GCAD+IDK,indirect,A,global,0.0,4,1000,0.7800736842105264,0.272942974153256
GCAD+IDK,indirect,A,global,0.1,0,1000,0.6920736842105263,0.0910797927543413
GCAD+IDK,indirect,A,global,0.1,1,1000,0.7737894736842105,0.1553640617768854
GCAD+IDK,indirect,A,global,0.1,2,1000,0.8256526315789474,0.3506008575721504
GCAD+IDK,indirect,A,global,0.1,3,1000,0.7908631578947368,0.2944420408555857
GCAD+IDK,indirect,A,global,0.1,4,1000,0.6707157894736843,0.1212925899386105
GCAD+IDK,indirect,A,global,0.2,0,1000,0.4725368421052632,0.0456035952496472
GCAD+IDK,indirect,A,global,0.2,1,1000,0.6571368421052632,0.0777526157169789
GCAD+IDK,indirect,A,global,0.2,2,1000,0.6845473684210526,0.152963571621593
GCAD+IDK,indirect,A,global,0.2,3,1000,0.6389578947368422,0.0932680078700339
GCAD+IDK,indirect,A,global,0.2,4,1000,0.4977684210526316,0.0528321168057828
GCAD+IDK,indirect,A,global,0.3,0,1000,0.2538526315789474,0.0313020734393536
GCAD+IDK,indirect,A,global,0.3,1,1000,0.4077473684210527,0.0393738331699361
GCAD+IDK,indirect,A,global,0.3,2,1000,0.4929684210526315,0.0619805930145408
GCAD+IDK,indirect,A,global,0.3,3,1000,0.427978947368421,0.0412129835651
GCAD+IDK,indirect,A,global,0.3,4,1000,0.2817368421052631,0.0324430986745625
GCAD+IDK,indirect,A,global,0.4,0,1000,0.1070947368421052,0.0272967500777382
GCAD+IDK,indirect,A,global,0.4,1,1000,0.1826526315789473,0.0291532269439204
GCAD+IDK,indirect,A,global,0.4,2,1000,0.2578,0.031909488012341
GCAD+IDK,indirect,A,global,0.4,3,1000,0.2241052631578947,0.0302433136843651
GCAD+IDK,indirect,A,global,0.4,4,1000,0.1396526315789473,0.0279009324634629
GCAD+IDK,indirect,A,global,0.5,0,1000,0.0174315789473684,0.0260871436516294
GCAD+IDK,indirect,A,global,0.5,1,1000,0.0616421052631579,0.0266135720972077
GCAD+IDK,indirect,A,global,0.5,2,1000,0.1118421052631579,0.0275103177823549
GCAD+IDK,indirect,A,global,0.5,3,1000,0.0857684210526315,0.0270255327385665
GCAD+IDK,indirect,A,global,0.5,4,1000,0.0531263157894736,0.02632950392745
GCAD+IDK,indirect,A,global,0.6,0,1000,0.0026315789473684,0.0259425461586695
GCAD+IDK,indirect,A,global,0.6,1,1000,0.0153473684210526,0.0260348014024313
GCAD+IDK,indirect,A,global,0.6,2,1000,0.0385157894736842,0.0262358394829583
GCAD+IDK,indirect,A,global,0.6,3,1000,0.0189368421052631,0.0260650545602767
GCAD+IDK,indirect,A,global,0.6,4,1000,0.0113684210526315,0.0259813632110545
GCAD+IDK,indirect,A,global,0.7,0,1000,0.0001263157894736,0.025927522488361
GCAD+IDK,indirect,A,global,0.7,1,1000,0.0012631578947368,0.025931225394511
GCAD+IDK,indirect,A,global,0.7,2,1000,0.0067578947368421,0.0259726133453044
GCAD+IDK,indirect,A,global,0.7,3,1000,0.0025263157894736,0.0259342738631954
GCAD+IDK,indirect,A,global,0.7,4,1000,0.0013894736842105,0.0259326451045544
GCAD+IDK,indirect,A,global,0.8,0,1000,0.0,0.0259272355839443
GCAD+IDK,indirect,A,global,0.8,1,1000,0.0002105263157894,0.0259274806939435
GCAD+IDK,indirect,A,global,0.8,2,1000,0.0006736842105263,0.0259286135520245
GCAD+IDK,indirect,A,global,0.8,3,1000,6.315789473684274e-05,0.0259273240870336
GCAD+IDK,indirect,A,global,0.8,4,1000,9.473684210526524e-05,0.0259273463178517
GCAD+IDK,indirect,A,global,0.9,0,1000,0.0,0.0259272355839443
GCAD+IDK,indirect,A,global,0.9,1,1000,0.0,0.0259272355839443
GCAD+IDK,indirect,A,global,0.9,2,1000,4.2105263157894426e-05,0.025927279905323
GCAD+IDK,indirect,A,global,0.9,3,1000,0.0,0.0259272355839443
GCAD+IDK,indirect,A,global,0.9,4,1000,0.0,0.0259272355839443
GCAD+IDK,indirect,A,global,1.0,0,1000,0.0,0.0259468784558562
GCAD+IDK,indirect,A,global,1.0,1,1000,0.0,0.0259863153837588
GCAD+IDK,indirect,A,global,1.0,2,1000,0.0,0.0259272355839443
GCAD+IDK,indirect,A,global,1.0,3,1000,0.0,0.0259272355839443
GCAD+IDK,indirect,A,global,1.0,4,1000,0.0,0.0259272355839443
IDK,none,A,global,0.0,0,1000,0.6614315789473684,0.1021784957945236
IDK,none,A,global,0.0,1,1000,0.6286947368421054,0.0809728742991058
IDK,none,A,global,0.0,2,1000,0.5851684210526316,0.0681512589341593
IDK,none,A,global,0.0,3,1000,0.6100947368421052,0.0697449611062673
IDK,none,A,global,0.0,4,1000,0.4140315789473685,0.0448838474340444
IDK,none,A,global,0.1,0,1000,0.4649894736842105,0.0473182503057824
IDK,none,A,global,0.1,1,1000,0.3827684210526315,0.0380219982277377
IDK,none,A,global,0.1,2,1000,0.3824105263157894,0.0379767894886964
IDK,none,A,global,0.1,3,1000,0.3733789473684211,0.037166681809972
IDK,none,A,global,0.1,4,1000,0.2572842105263158,0.0319116502411086
IDK,none,A,global,0.2,0,1000,0.2520842105263158,0.0311383659333108
IDK,none,A,global,0.2,1,1000,0.1646,0.028456446230945
IDK,none,A,global,0.2,2,1000,0.2019789473684211,0.0295312593098617
IDK,none,A,global,0.2,3,1000,0.1888842105263158,0.029125437997631
IDK,none,A,global,0.2,4,1000,0.1294842105263157,0.0275628285872441
IDK,none,A,global,0.3,0,1000,0.0817052631578947,0.0268829810873677
IDK,none,A,global,0.3,1,1000,0.0405052631578947,0.0262765586912441
IDK,none,A,global,0.3,2,1000,0.0651368421052631,0.0266027486588082
IDK,none,A,global,0.3,3,1000,0.0542526315789473,0.0264560638846514
IDK,none,A,global,0.3,4,1000,0.0420736842105263,0.0262042046302517
IDK,none,A,global,0.4,0,1000,0.0131368421052631,0.0260605780221319
IDK,none,A,global,0.4,1,1000,0.0045263157894736,0.0259476771705859
IDK,none,A,global,0.4,2,1000,0.0164,0.0260334802904152
IDK,none,A,global,0.4,3,1000,0.0100105263157894,0.0259993092825056
IDK,none,A,global,0.4,4,1000,0.0061473684210526,0.0259547124774348
IDK,none,A,global,0.5,0,1000,0.0003578947368421,0.025927834909109
IDK,none,A,global,0.5,1,1000,0.0001263157894736,0.0259273691108917
IDK,none,A,global,0.5,2,1000,0.0013263157894736,0.0259330104081325
IDK,none,A,global,0.5,3,1000,0.0009473684210526,0.025931970199261
IDK,none,A,global,0.5,4,1000,0.0002526315789473,0.0259278970253761
IDK,none,A,global,0.6,0,1000,0.0,0.0259474916202431
IDK,none,A,global,0.6,1,1000,0.0,0.0259272355839443
IDK,none,A,global,0.6,2,1000,2.105263157894832e-05,0.0259272577213066
IDK,none,A,global,0.6,3,1000,2.105263157894832e-05,0.0259272577213066
IDK,none,A,global,0.6,4,1000,0.0,0.0259272355839443
IDK,none,A,global,0.7,0,1000,0.0,0.0259272355839443
IDK,none,A,global,0.7,1,1000,0.0,0.0259467196459815
IDK,none,A,global,0.7,2,1000,0.0,0.0259272355839443
IDK,none,A,global,0.7,3,1000,0.0,0.0259272355839443
IDK,none,A,global,0.7,4,1000,0.0,0.0259468385718523
IDK,none,A,global,0.8,0,1000,0.0,0.0259272355839443
IDK,none,A,global,0.8,1,1000,0.0,0.0259469585898965
IDK,none,A,global,0.8,2,1000,0.0,0.0259478304504028
IDK,none,A,global,0.8,3,1000,0.0,0.0259272355839443
IDK,none,A,global,0.8,4,1000,0.0,0.0259272355839443
IDK,none,A,global,0.9,0,1000,0.0,0.0259272355839443
IDK,none,A,global,0.9,1,1000,0.0,0.0259272355839443
IDK,none,A,global,0.9,2,1000,0.0,0.0259675419119643
IDK,none,A,global,0.9,3,1000,0.0,0.0259272355839443
IDK,none,A,global,0.9,4,1000,0.0,0.0259481339496921
IDK,none,A,global,1.0,0,1000,0.0,0.05
IDK,none,A,global,1.0,1,1000,0.0,0.05
IDK,none,A,global,1.0,2,1000,0.0,0.05
IDK,none,A,global,1.0,3,1000,0.0,0.05
IDK,none,A,global,1.0,4,1000,0.0,0.05
LOF,none,A,global,0.0,0,1000,0.8981473684210527,0.3694394881934506
LOF,none,A,global,0.0,1,1000,0.8993473684210527,0.467622272759795
LOF,none,A,global,0.0,2,1000,0.937557894736842,0.5560670796806476
LOF,none,A,global,0.0,3,1000,0.9253473684210526,0.5837254629627346
LOF,none,A,global,0.0,4,1000,0.8318736842105263,0.3599650418121483
LOF,none,A,global,0.1,0,1000,0.7328736842105263,0.1199366657274917
LOF,none,A,global,0.1,1,1000,0.7418736842105264,0.1517404463224078
LOF,none,A,global,0.1,2,1000,0.804821052631579,0.2312379976553649
LOF,none,A,global,0.1,3,1000,0.7830526315789472,0.2378238067923478
LOF,none,A,global,0.1,4,1000,0.6208210526315789,0.1279195288782711
LOF,none,A,global,0.2,0,1000,0.3754421052631579,0.0398151995031542
LOF,none,A,global,0.2,1,1000,0.3811263157894736,0.0401513833720573
LOF,none,A,global,0.2,2,1000,0.4280631578947368,0.0508974448189126
LOF,none,A,global,0.2,3,1000,0.4176947368421052,0.0505609392147508
LOF,none,A,global,0.2,4,1000,0.3035368421052631,0.0386577866890436
LOF,none,A,global,0.3,0,1000,0.0533473684210526,0.0263176046541364
LOF,none,A,global,0.3,1,1000,0.0591578947368421,0.0263103438769627
LOF,none,A,global,0.3,2,1000,0.1042736842105263,0.027139250899321
LOF,none,A,global,0.3,3,1000,0.111178947368421,0.0271712657103842
LOF,none,A,global,0.3,4,1000,0.0940631578947368,0.0268393131705613
LOF,none,A,global,0.4,0,1000,0.001178947368421,0.0259321690765846
LOF,none,A,global,0.4,1,1000,0.0022105263157894,0.0259299629841841
LOF,none,A,global,0.4,2,1000,0.009178947368421,0.0259474537515147
LOF,none,A,global,0.4,3,1000,0.0077052631578947,0.0259455626949578
LOF,none,A,global,0.4,4,1000,0.0104631578947368,0.0259722351125003
LOF,none,A,global,0.5,0,1000,0.0002526315789473,0.0259277670701995
LOF,none,A,global,0.5,1,1000,0.0,0.0259272355839443
LOF,none,A,global,0.5,2,1000,0.0006315789473684,0.0259283715080041
LOF,none,A,global,0.5,3,1000,0.0001684210526315,0.0259275017000136
LOF,none,A,global,0.5,4,1000,0.001978947368421,0.0259339284401714
LOF,none,A,global,0.6,0,1000,6.315789473684274e-05,0.0259273021361412
LOF,none,A,global,0.6,1,1000,0.0,0.0259272355839443
LOF,none,A,global,0.6,2,1000,0.0002105263157894,0.025927656056514
LOF,none,A,global,0.6,3,1000,0.0001473684210526,0.0259274572383773
LOF,none,A,global,0.6,4,1000,0.0027368421052631,0.0259364975323841
LOF,none,A,global,0.7,0,1000,0.0,0.0259272355839443
LOF,none,A,global,0.7,1,1000,0.0,0.0259272355839443
LOF,none,A,global,0.7,2,1000,0.0002315789473684,0.025927546821937
LOF,none,A,global,0.7,3,1000,0.0002105263157894,0.0259278302859717
LOF,none,A,global,0.7,4,1000,0.0015368421052631,0.0259322017333125
LOF,none,A,global,0.8,0,1000,0.0,0.0259272355839443
LOF,none,A,global,0.8,1,1000,0.0,0.0259272355839443
LOF,none,A,global,0.8,2,1000,2.105263157894832e-05,0.0259272577213066
LOF,none,A,global,0.8,3,1000,4.210526315789664e-05,0.0259273019030172
LOF,none,A,global,0.8,4,1000,0.0,0.0259272355839443
LOF,none,A,global,0.9,0,1000,0.0,0.0259272355839443
LOF,none,A,global,0.9,1,1000,0.0,0.0259272355839443
LOF,none,A,global,0.9,2,1000,0.0,0.0259272355839443
LOF,none,A,global,0.9,3,1000,0.0,0.0259272355839443
LOF,none,A,global,0.9,4,1000,0.0,0.0259272355839443
LOF,none,A,global,1.0,0,1000,0.0,0.05
LOF,none,A,global,1.0,1,1000,0.0,0.05
LOF,none,A,global,1.0,2,1000,0.0,0.05
LOF,none,A,global,1.0,3,1000,0.0,0.05
LOF,none,A,global,1.0,4,1000,0.0,0.05
ONE,indirect,A,global,0.0,0,1000,0.4943157894736842,0.0568502879465874
ONE,indirect,A,global,0.0,1,1000,0.4981052631578947,0.0616410509428995
ONE,indirect,A,global,0.0,2,1000,0.5778315789473685,0.0711095461434628
ONE,indirect,A,global,0.0,3,1000,0.4409473684210526,0.0428468865458847
ONE,indirect,A,global,0.0,4,1000,0.5056631578947368,0.0530748847050141
ONE,indirect,A,global,0.1,0,1000,0.5496842105263158,0.0717992830026656
ONE,indirect,A,global,0.1,1,1000,0.513178947368421,0.0597696603566683
ONE,indirect,A,global,0.1,2,1000,0.3948842105263158,0.0392412148000401
ONE,indirect,A,global,0.1,3,1000,0.4972210526315789,0.0565810047910931
ONE,indirect,A,global,0.1,4,1000,0.5243789473684211,0.0510372921444646
ONE,indirect,A,global,0.2,0,1000,0.5116842105263159,0.0602062662196604
ONE,indirect,A,global,0.2,1,1000,0.434778947368421,0.0422330501494541
ONE,indirect,A,global,0.2,2,1000,0.5149894736842106,0.0510600335676589
ONE,indirect,A,global,0.2,3,1000,0.4789894736842106,0.0526624300325915
ONE,indirect,A,global,0.2,4,1000,0.5192631578947369,0.0691815731447731
ONE,indirect,A,global,0.3,0,1000,0.450778947368421,0.0661955091384305
ONE,indirect,A,global,0.3,1,1000,0.482421052631579,0.048379450848239
ONE,indirect,A,global,0.3,2,1000,0.5440631578947369,0.0674256579193407
ONE,indirect,A,global,0.3,3,1000,0.4872421052631578,0.0656815860348965
ONE,indirect,A,global,0.3,4,1000,0.4485684210526316,0.0474426030989067
ONE,indirect,A,global,0.4,0,1000,0.5265052631578947,0.0558709170878471
ONE,indirect,A,global,0.4,1,1000,0.4156,0.0411703282032153
ONE,indirect,A,global,0.4,2,1000,0.4952631578947368,0.0536823586049831
ONE,indirect,A,global,0.4,3,1000,0.3972631578947369,0.045985342662433
ONE,indirect,A,global,0.4,4,1000,0.4994736842105262,0.0527726812755797
ONE,indirect,A,global,0.5,0,1000,0.4194736842105263,0.0447247851723171
ONE,indirect,A,global,0.5,1,1000,0.5441894736842106,0.0583689946277605
ONE,indirect,A,global,0.5,2,1000,0.4393263157894737,0.0432560687176594
ONE,indirect,A,global,0.5,3,1000,0.4685052631578946,0.0452100773464836
ONE,indirect,A,global,0.5,4,1000,0.5218736842105263,0.0653743335399528
ONE,indirect,A,global,0.6,0,1000,0.4847157894736842,0.0526105341084378
ONE,indirect,A,global,0.6,1,1000,0.5056842105263157,0.053758904127225
ONE,indirect,A,global,0.6,2,1000,0.4423999999999999,0.0453496331934403
ONE,indirect,A,global,0.6,3,1000,0.5773052631578948,0.0674937815358557
ONE,indirect,A,global,0.6,4,1000,0.3867157894736842,0.0389050115478765
ONE,indirect,A,global,0.7,0,1000,0.5076421052631579,0.0496310345365905
ONE,indirect,A,global,0.7,1,1000,0.4585263157894737,0.0463897017647078
ONE,indirect,A,global,0.7,2,1000,0.4976631578947368,0.0520615660035368
ONE,indirect,A,global,0.7,3,1000,0.4864,0.047278260932842
ONE,indirect,A,global,0.7,4,1000,0.4210736842105263,0.0410924872139326
ONE,indirect,A,global,0.8,0,1000,0.4988210526315789,0.050307538768177
ONE,indirect,A,global,0.8,1,1000,0.4728631578947369,0.0492215141622895
ONE,indirect,A,global,0.8,2,1000,0.4486947368421052,0.0429432906787137
ONE,indirect,A,global,0.8,3,1000,0.4844,0.0501825911014971
ONE,indirect,A,global,0.8,4,1000,0.3733052631578947,0.0370921122216964
ONE,indirect,A,global,0.9,0,1000,0.4449894736842105,0.0427095081296462
ONE,indirect,A,global,0.9,1,1000,0.4703578947368421,0.0606469723967623
ONE,indirect,A,global,0.9,2,1000,0.4897263157894737,0.0564610589789128
ONE,indirect,A,global,0.9,3,1000,0.4273263157894737,0.0483037181260531
ONE,indirect,A,global,0.9,4,1000,0.4868842105263158,0.0478708633357051
ONE,indirect,A,global,1.0,0,1000,0.4518947368421053,0.0433981506219148
ONE,indirect,A,global,1.0,1,1000,0.4745894736842104,0.0501824747924342
ONE,indirect,A,global,1.0,2,1000,0.4069894736842105,0.040165187325076
ONE,indirect,A,global,1.0,3,1000,0.4419368421052632,0.0593392996137094
ONE,indirect,A,global,1.0,4,1000,0.5709052631578947,0.0706481662224677
Radar,indirect,A,global,0.0,0,1000,0.5670315789473686,0.0591498648330402
Radar,indirect,A,global,0.0,1,1000,0.4769473684210526,0.0471543899301064
Radar,indirect,A,global,0.0,2,1000,0.4925473684210525,0.0468474931320491
Radar,indirect,A,global,0.0,3,1000,0.4344736842105263,0.041132355700085
Radar,indirect,A,global,0.0,4,1000,0.4641684210526315,0.0432252949520241
Radar,indirect,A,global,0.1,0,1000,0.5569684210526316,0.0558732909276518
Radar,indirect,A,global,0.1,1,1000,0.4622526315789473,0.044719432897603
Radar,indirect,A,global,0.1,2,1000,0.4876,0.0462058851130108
Radar,indirect,A,global,0.1,3,1000,0.436378947368421,0.0410972226572957
Radar,indirect,A,global,0.1,4,1000,0.4674315789473684,0.0434407101325913
Radar,indirect,A,global,0.2,0,1000,0.5469684210526315,0.0534352548399836
Radar,indirect,A,global,0.2,1,1000,0.4531368421052631,0.0433401416682102
Radar,indirect,A,global,0.2,2,1000,0.4836421052631579,0.0457579236868951
Radar,indirect,A,global,0.2,3,1000,0.4353052631578947,0.0409536693298294
Radar,indirect,A,global,0.2,4,1000,0.4721473684210526,0.0437509566278057
Radar,indirect,A,global,0.3,0,1000,0.5365473684210527,0.0513046877759445
Radar,indirect,A,global,0.3,1,1000,0.4466105263157894,0.0424873437149575
Radar,indirect,A,global,0.3,2,1000,0.4813473684210527,0.0455232202684494
Radar,indirect,A,global,0.3,3,1000,0.4356421052631579,0.0409756592429761
Radar,indirect,A,global,0.3,4,1000,0.4772210526315789,0.0440996188042558
Radar,indirect,A,global,0.4,0,1000,0.5243157894736842,0.0493319301863578
Radar,indirect,A,global,0.4,1,1000,0.4434947368421052,0.0420755861942817
Radar,indirect,A,global,0.4,2,1000,0.4803894736842105,0.0454666210379351
Radar,indirect,A,global,0.4,3,1000,0.435978947368421,0.0410424226976524
Radar,indirect,A,global,0.4,4,1000,0.4813052631578947,0.0444424243878485
Radar,indirect,A,global,0.5,0,1000,0.5119157894736842,0.0477067689097113
Radar,indirect,A,global,0.5,1,1000,0.4470315789473684,0.0422483327725332
Radar,indirect,A,global,0.5,2,1000,0.4797473684210526,0.0454451490381934
Radar,indirect,A,global,0.5,3,1000,0.4351368421052631,0.0410043974593133
Radar,indirect,A,global,0.5,4,1000,0.4816526315789473,0.0445099885444768
Radar,indirect,A,global,0.6,0,1000,0.4992,0.0463679682014423
Radar,indirect,A,global,0.6,1,1000,0.4550526315789473,0.042761705819003
Radar,indirect,A,global,0.6,2,1000,0.4805894736842105,0.0456153779458474
Radar,indirect,A,global,0.6,3,1000,0.4326947368421052,0.0408172377707729
Radar,indirect,A,global,0.6,4,1000,0.4772210526315789,0.0442091319161883
Radar,indirect,A,global,0.7,0,1000,0.4893263157894736,0.04546154900766
Radar,indirect,A,global,0.7,1,1000,0.467578947368421,0.0437064925087328
Radar,indirect,A,global,0.7,2,1000,0.4826315789473684,0.0457380917936009
Radar,indirect,A,global,0.7,3,1000,0.438421052631579,0.0411998131776346
Radar,indirect,A,global,0.7,4,1000,0.4690526315789474,0.0435977906005713
Radar,indirect,A,global,0.8,0,1000,0.4882736842105263,0.045379573058479
Radar,indirect,A,global,0.8,1,1000,0.4785684210526316,0.0445715572602602
Radar,indirect,A,global,0.8,2,1000,0.4876210526315789,0.0461413266230808
Radar,indirect,A,global,0.8,3,1000,0.4490947368421052,0.0419622299978743
Radar,indirect,A,global,0.8,4,1000,0.4679368421052631,0.0435216903586529
Radar,indirect,A,global,0.9,0,1000,0.4850105263157895,0.0451395324658123
Radar,indirect,A,global,0.9,1,1000,0.4795157894736842,0.0446682541287858
Radar,indirect,A,global,0.9,2,1000,0.4931684210526316,0.0464043923181663
Radar,indirect,A,global,0.9,3,1000,0.4472,0.0418489586655989
Radar,indirect,A,global,0.9,4,1000,0.4725684210526316,0.0439590210833066
Radar,indirect,A,global,1.0,0,1000,0.4871368421052631,0.045378156785345
Radar,indirect,A,global,1.0,1,1000,0.4781894736842105,0.0445700949521594
Radar,indirect,A,global,1.0,2,1000,0.4908842105263157,0.046319140868079
Radar,indirect,A,global,1.0,3,1000,0.4464421052631579,0.041986800462971
Radar,indirect,A,global,1.0,4,1000,0.4694842105263158,0.0437227941207362
iForest,none,A,global,0.0,0,1000,0.7200421052631578,0.137173852657665
iForest,none,A,global,0.0,1,1000,0.6310526315789474,0.0878065286517742
iForest,none,A,global,0.0,2,1000,0.5893473684210526,0.0724964272744589
iForest,none,A,global,0.0,3,1000,0.6664000000000001,0.1199366621455885
iForest,none,A,global,0.0,4,1000,0.5084210526315789,0.066986567540769
iForest,none,A,global,0.1,0,1000,0.496778947368421,0.0492622606613944
iForest,none,A,global,0.1,1,1000,0.4261894736842105,0.0418026981212977
iForest,none,A,global,0.1,2,1000,0.3617894736842105,0.0385309533308296
iForest,none,A,global,0.1,3,1000,0.468378947368421,0.0504599610339721
iForest,none,A,global,0.1,4,1000,0.296421052631579,0.0348203613025893
iForest,none,A,global,0.2,0,1000,0.2692210526315789,0.0318818295313915
iForest,none,A,global,0.2,1,1000,0.2169684210526315,0.0299576021642432
iForest,none,A,global,0.2,2,1000,0.1812842105263158,0.0289390641528902
iForest,none,A,global,0.2,3,1000,0.205178947368421,0.0295269736077509
iForest,none,A,global,0.2,4,1000,0.1380210526315789,0.0277601211757628
iForest,none,A,global,0.3,0,1000,0.0666105263157894,0.0266719426117347
iForest,none,A,global,0.3,1,1000,0.0524631578947368,0.0264699893068513
iForest,none,A,global,0.3,2,1000,0.0696842105263157,0.0266669803956869
iForest,none,A,global,0.3,3,1000,0.0659157894736842,0.0265583378883825
iForest,none,A,global,0.3,4,1000,0.0421473684210526,0.026226093909254
iForest,none,A,global,0.4,0,1000,0.0126105263157894,0.0260111752888134
iForest,none,A,global,0.4,1,1000,0.0070105263157894,0.025979418026539
iForest,none,A,global,0.4,2,1000,0.0122105263157894,0.0260161083428641
iForest,none,A,global,0.4,3,1000,0.0085894736842105,0.0259731199349958
iForest,none,A,global,0.4,4,1000,0.0067368421052631,0.0259502746659988
iForest,none,A,global,0.5,0,1000,0.0003157894736842,0.0259280748137189
iForest,none,A,global,0.5,1,1000,0.0003157894736842,0.0259286151752458
iForest,none,A,global,0.5,2,1000,0.0009473684210526,0.0259291119744038
iForest,none,A,global,0.5,3,1000,0.0004210526315789,0.0259283177890856
iForest,none,A,global,0.5,4,1000,0.0002526315789473,0.0259275043442538
iForest,none,A,global,0.6,0,1000,0.0,0.0259272355839443
iForest,none,A,global,0.6,1,1000,0.0,0.0259272355839443
iForest,none,A,global,0.6,2,1000,0.0,0.0259272355839443
iForest,none,A,global,0.6,3,1000,0.0,0.0259272355839443
iForest,none,A,global,0.6,4,1000,0.0,0.0259272355839443
iForest,none,A,global,0.7,0,1000,0.0,0.0259272355839443
iForest,none,A,global,0.7,1,1000,0.0,0.0259272355839443
iForest,none,A,global,0.7,2,1000,0.0,0.0259272355839443
iForest,none,A,global,0.7,3,1000,0.0,0.0259272355839443
iForest,none,A,global,0.7,4,1000,0.0,0.0259272355839443
iForest,none,A,global,0.8,0,1000,0.0,0.0259272355839443
iForest,none,A,global,0.8,1,1000,0.0,0.0259272355839443
iForest,none,A,global,0.8,2,1000,0.0,0.0259272355839443
iForest,none,A,global,0.8,3,1000,0.0,0.0259272355839443
iForest,none,A,global,0.8,4,1000,0.0,0.0259272355839443
iForest,none,A,global,0.9,0,1000,0.0,0.0259272355839443
iForest,none,A,global,0.9,1,1000,0.0,0.0259272355839443
iForest,none,A,global,0.9,2,1000,0.0,0.0259272355839443
iForest,none,A,global,0.9,3,1000,0.0,0.0259272355839443
iForest,none,A,global,0.9,4,1000,0.0,0.0259272355839443
iForest,none,A,global,1.0,0,1000,0.0,0.05
iForest,none,A,global,1.0,1,1000,0.0,0.05
iForest,none,A,global,1.0,2,1000,0.0,0.05
iForest,none,A,global,1.0,3,1000,0.0,0.05
iForest,none,A,global,1.0,4,1000,0.0,0.05
AnomalyDAE,indirect,A,local,0.0,0,1000,0.8710947368421051,0.5436277348112605
AnomalyDAE,indirect,A,local,0.0,1,1000,0.9693473684210526,0.7712852004848719
AnomalyDAE,indirect,A,local,0.0,2,1000,0.968778947368421,0.7842825913318178
AnomalyDAE,indirect,A,local,0.0,3,1000,0.9606315789473684,0.6559113360592618
AnomalyDAE,indirect,A,local,0.0,4,1000,0.8179578947368421,0.411951543333678
AnomalyDAE,indirect,A,local,0.1,0,1000,0.8940842105263158,0.4614316276960086
AnomalyDAE,indirect,A,local,0.1,1,1000,0.8449894736842106,0.2392116200358351
AnomalyDAE,indirect,A,local,0.1,2,1000,0.8389473684210527,0.3593789735963387
AnomalyDAE,indirect,A,local,0.1,3,1000,0.9489052631578948,0.5402413189062281
AnomalyDAE,indirect,A,local,0.1,4,1000,0.7238736842105263,0.3906895339685796
AnomalyDAE,indirect,A,local,0.2,0,1000,0.6817684210526316,0.1064848631313383
AnomalyDAE,indirect,A,local,0.2,1,1000,0.6386526315789474,0.1988203343935931
AnomalyDAE,indirect,A,local,0.2,2,1000,0.7996631578947369,0.2456146092198346
AnomalyDAE,indirect,A,local,0.2,3,1000,0.8523368421052632,0.4786789031850026
AnomalyDAE,indirect,A,local,0.2,4,1000,0.7082947368421053,0.1910482233447745
AnomalyDAE,indirect,A,local,0.3,0,1000,0.5921263157894737,0.0684188255328897
AnomalyDAE,indirect,A,local,0.3,1,1000,0.5670315789473686,0.0588541239276164
AnomalyDAE,indirect,A,local,0.3,2,1000,0.4930315789473684,0.0509764911914621
AnomalyDAE,indirect,A,local,0.3,3,1000,0.5048631578947369,0.0528183648466902
AnomalyDAE,indirect,A,local,0.3,4,1000,0.4635789473684211,0.0767278406307431
AnomalyDAE,indirect,A,local,0.4,0,1000,0.459957894736842,0.0446917703074601
AnomalyDAE,indirect,A,local,0.4,1,1000,0.3426105263157895,0.0354304138231186
AnomalyDAE,indirect,A,local,0.4,2,1000,0.2997263157894737,0.0333944911674283
AnomalyDAE,indirect,A,local,0.4,3,1000,0.3714105263157895,0.0405699974311089
AnomalyDAE,indirect,A,local,0.4,4,1000,0.3778315789473684,0.044089493012973
AnomalyDAE,indirect,A,local,0.5,0,1000,0.1870736842105263,0.0291081757724612
AnomalyDAE,indirect,A,local,0.5,1,1000,0.1889052631578947,0.0317037862431444
AnomalyDAE,indirect,A,local,0.5,2,1000,0.3032842105263157,0.0333554401327608
AnomalyDAE,indirect,A,local,0.5,3,1000,0.1146736842105263,0.0274875405217307
AnomalyDAE,indirect,A,local,0.5,4,1000,0.1558736842105263,0.0280474161000067
AnomalyDAE,indirect,A,local,0.6,0,1000,0.0500421052631579,0.0263928906413909
AnomalyDAE,indirect,A,local,0.6,1,1000,0.2303157894736842,0.0303377046209476
AnomalyDAE,indirect,A,local,0.6,2,1000,0.0498105263157894,0.0262869490099252
AnomalyDAE,indirect,A,local,0.6,3,1000,0.0332,0.0261329127818281
AnomalyDAE,indirect,A,local,0.6,4,1000,0.0686947368421052,0.0267066582595167
AnomalyDAE,indirect,A,local,0.7,0,1000,0.023178947368421,0.0260066437703404
AnomalyDAE,indirect,A,local,0.7,1,1000,0.062,0.0263377652043697
AnomalyDAE,indirect,A,local,0.7,2,1000,0.0446736842105263,0.0262849515672498
AnomalyDAE,indirect,A,local,0.7,3,1000,0.089178947368421,0.0270293834858016
AnomalyDAE,indirect,A,local,0.7,4,1000,0.0021052631578947,0.0259334188622994
AnomalyDAE,indirect,A,local,0.8,0,1000,0.0001263157894736,0.0259273909204868
AnomalyDAE,indirect,A,local,0.8,1,1000,0.0173052631578947,0.0259802083506468
AnomalyDAE,indirect,A,local,0.8,2,1000,0.0602315789473684,0.0264133063040662
AnomalyDAE,indirect,A,local,0.8,3,1000,0.0851368421052631,0.0266678364251621
AnomalyDAE,indirect,A,local,0.8,4,1000,0.0013684210526315,0.025929091285914
AnomalyDAE,indirect,A,local,0.9,0,1000,0.0,0.0259272355839443
AnomalyDAE,indirect,A,local,0.9,1,1000,0.0029894736842105,0.0259342093457407
AnomalyDAE,indirect,A,local,0.9,2,1000,0.0012,0.0259290746463051
AnomalyDAE,indirect,A,local,0.9,3,1000,0.0065473684210526,0.0259571541946796
AnomalyDAE,indirect,A,local,0.9,4,1000,0.0027578947368421,0.0259318047114797
AnomalyDAE,indirect,A,local,1.0,0,1000,0.0008631578947368,0.0259336061531134
AnomalyDAE,indirect,A,local,1.0,1,1000,0.1632,0.0298293907193296
AnomalyDAE,indirect,A,local,1.0,2,1000,0.1781263157894737,0.0288617993791581
AnomalyDAE,indirect,A,local,1.0,3,1000,0.0030315789473684,0.0259339830492243
AnomalyDAE,indirect,A,local,1.0,4,1000,0.0039999999999999,0.02593980842405
CoLA,indirect,A,local,0.0,0,1000,0.6987157894736842,0.241493109540185
CoLA,indirect,A,local,0.0,1,1000,0.7573263157894737,0.2003171510607097
CoLA,indirect,A,local,0.0,2,1000,0.6911578947368421,0.1746630860816583
CoLA,indirect,A,local,0.0,3,1000,0.6383157894736842,0.1378556819971953
CoLA,indirect,A,local,0.0,4,1000,0.6431578947368422,0.0998473445165338
CoLA,indirect,A,local,0.1,0,1000,0.6872421052631579,0.1109050010156551
CoLA,indirect,A,local,0.1,1,1000,0.7164631578947368,0.1398648038994641
CoLA,indirect,A,local,0.1,2,1000,0.7068631578947369,0.2448878635098676
CoLA,indirect,A,local,0.1,3,1000,0.6664842105263158,0.1194184789317681
CoLA,indirect,A,local,0.1,4,1000,0.5954315789473685,0.110769371929785
CoLA,indirect,A,local,0.2,0,1000,0.6551157894736841,0.1149170537929957
CoLA,indirect,A,local,0.2,1,1000,0.7351789473684212,0.2329326996811648
CoLA,indirect,A,local,0.2,2,1000,0.6523368421052632,0.1153930483854557
CoLA,indirect,A,local,0.2,3,1000,0.6811789473684211,0.1233694861551644
CoLA,indirect,A,local,0.2,4,1000,0.654021052631579,0.0786881558259015
CoLA,indirect,A,local,0.3,0,1000,0.6712631578947369,0.1241811762732895
CoLA,indirect,A,local,0.3,1,1000,0.7071263157894737,0.1528411258845805
CoLA,indirect,A,local,0.3,2,1000,0.6379368421052632,0.1149310395415666
CoLA,indirect,A,local,0.3,3,1000,0.6422526315789474,0.192088261906654
CoLA,indirect,A,local,0.3,4,1000,0.5576631578947369,0.0769433383498294
CoLA,indirect,A,local,0.4,0,1000,0.589578947368421,0.0604937677798423
CoLA,indirect,A,local,0.4,1,1000,0.6663578947368421,0.1335556017750907
CoLA,indirect,A,local,0.4,2,1000,0.6642315789473684,0.1809303873641764
CoLA,indirect,A,local,0.4,3,1000,0.6745052631578947,0.1140877648378122
CoLA,indirect,A,local,0.4,4,1000,0.5857894736842105,0.1035453499526624
CoLA,indirect,A,local,0.5,0,1000,0.5526315789473684,0.0541609679747733
CoLA,indirect,A,local,0.5,1,1000,0.6834105263157895,0.0869632360692831
CoLA,indirect,A,local,0.5,2,1000,0.6694736842105263,0.172955771516557
CoLA,indirect,A,local,0.5,3,1000,0.6893263157894737,0.1520671827773859
CoLA,indirect,A,local,0.5,4,1000,0.6148210526315789,0.0847201047932283
CoLA,indirect,A,local,0.6,0,1000,0.614378947368421,0.0692379470437913
CoLA,indirect,A,local,0.6,1,1000,0.6325684210526316,0.1087033187129146
CoLA,indirect,A,local,0.6,2,1000,0.5791578947368421,0.0798611249594109
CoLA,indirect,A,local,0.6,3,1000,0.6472842105263158,0.0959675656560357
CoLA,indirect,A,local,0.6,4,1000,0.5236631578947368,0.0547036867443747
CoLA,indirect,A,local,0.7,0,1000,0.5813052631578948,0.0742263383470196
CoLA,indirect,A,local,0.7,1,1000,0.5710315789473683,0.0815177868140763
CoLA,indirect,A,local,0.7,2,1000,0.5568421052631579,0.0631900701576726
CoLA,indirect,A,local,0.7,3,1000,0.6306631578947368,0.0761023874427186
CoLA,indirect,A,local,0.7,4,1000,0.5244210526315789,0.0587925148134
CoLA,indirect,A,local,0.8,0,1000,0.522042105263158,0.0577890245180669
CoLA,indirect,A,local,0.8,1,1000,0.5882315789473684,0.0769186781591074
CoLA,indirect,A,local,0.8,2,1000,0.5793894736842105,0.0665050861997287
CoLA,indirect,A,local,0.8,3,1000,0.5854947368421053,0.066767460122317
CoLA,indirect,A,local,0.8,4,1000,0.5262947368421051,0.0528723260196192
CoLA,indirect,A,local,0.9,0,1000,0.5114947368421052,0.0538949176330571
CoLA,indirect,A,local,0.9,1,1000,0.5524,0.057537537477594
CoLA,indirect,A,local,0.9,2,1000,0.5187684210526315,0.0553711436786592
CoLA,indirect,A,local,0.9,3,1000,0.5795368421052632,0.0608789089731253
CoLA,indirect,A,local,0.9,4,1000,0.506842105263158,0.0557274103456075
CoLA,indirect,A,local,1.0,0,1000,0.5301157894736842,0.0549693755506722
CoLA,indirect,A,local,1.0,1,1000,0.535157894736842,0.0553871474089039
CoLA,indirect,A,local,1.0,2,1000,0.4757052631578947,0.0520671694058133
CoLA,indirect,A,local,1.0,3,1000,0.4882736842105263,0.0489528011916065
CoLA,indirect,A,local,1.0,4,1000,0.4362526315789473,0.065315764340528
DOMINANT,indirect,A,local,0.0,0,1000,0.6810105263157895,0.0930725290168364
DOMINANT,indirect,A,local,0.0,1,1000,0.7196631578947368,0.1238964467890794
DOMINANT,indirect,A,local,0.0,2,1000,0.6996,0.1543021975003749
DOMINANT,indirect,A,local,0.0,3,1000,0.6723368421052631,0.1073328015542446
DOMINANT,indirect,A,local,0.0,4,1000,0.6671157894736842,0.1390638541083375
DOMINANT,indirect,A,local,0.1,0,1000,0.4813894736842105,0.0461906719893956
DOMINANT,indirect,A,local,0.1,1,1000,0.4569894736842105,0.042997577347703
DOMINANT,indirect,A,local,0.1,2,1000,0.5232,0.0647035278501699
DOMINANT,indirect,A,local,0.1,3,1000,0.3240631578947368,0.0343768594818879
DOMINANT,indirect,A,local,0.1,4,1000,0.5557684210526316,0.0812339738756652
DOMINANT,indirect,A,local,0.2,0,1000,0.2027368421052631,0.0297839973399364
DOMINANT,indirect,A,local,0.2,1,1000,0.1860210526315789,0.0292373261804043
DOMINANT,indirect,A,local,0.2,2,1000,0.2088421052631579,0.0296830257927233
DOMINANT,indirect,A,local,0.2,3,1000,0.1671368421052631,0.028552302384056
DOMINANT,indirect,A,local,0.2,4,1000,0.2009684210526315,0.0299554373164715
DOMINANT,indirect,A,local,0.3,0,1000,0.0634315789473684,0.0266781534993953
DOMINANT,indirect,A,local,0.3,1,1000,0.0727368421052631,0.0269013624867887
DOMINANT,indirect,A,local,0.3,2,1000,0.0903157894736842,0.0269307382068582
DOMINANT,indirect,A,local,0.3,3,1000,0.0847578947368421,0.0270127432561095
DOMINANT,indirect,A,local,0.3,4,1000,0.091157894736842,0.0269796847416709
DOMINANT,indirect,A,local,0.4,0,1000,0.0190947368421052,0.0260951806131641
DOMINANT,indirect,A,local,0.4,1,1000,0.0139578947368421,0.026072617126021
DOMINANT,indirect,A,local,0.4,2,1000,0.0257894736842105,0.0261205003076531
DOMINANT,indirect,A,local,0.4,3,1000,0.0266736842105263,0.0261825644590045
DOMINANT,indirect,A,local,0.4,4,1000,0.0378736842105263,0.0262056789333614
DOMINANT,indirect,A,local,0.5,0,1000,0.0066736842105263,0.0259587569834924
DOMINANT,indirect,A,local,0.5,1,1000,0.0034526315789473,0.0259503582386396
DOMINANT,indirect,A,local,0.5,2,1000,0.007978947368421,0.0259879901860558
DOMINANT,indirect,A,local,0.5,3,1000,0.0048,0.0259501765219693
DOMINANT,indirect,A,local,0.5,4,1000,0.0106947368421052,0.0259691259329185
DOMINANT,indirect,A,local,0.6,0,1000,0.0019368421052631,0.0259403118489204
DOMINANT,indirect,A,local,0.6,1,1000,0.0013052631578947,0.0259352894912992
DOMINANT,indirect,A,local,0.6,2,1000,0.0014105263157894,0.0259361626368247
DOMINANT,indirect,A,local,0.6,3,1000,0.0003157894736842,0.0259277679304537
DOMINANT,indirect,A,local,0.6,4,1000,0.0035368421052631,0.0259330060117643
DOMINANT,indirect,A,local,0.7,0,1000,0.0006105263157894,0.0259283046998755
DOMINANT,indirect,A,local,0.7,1,1000,0.0004,0.0259280773803927
DOMINANT,indirect,A,local,0.7,2,1000,0.0006105263157894,0.0259307275287556
DOMINANT,indirect,A,local,0.7,3,1000,4.2105263157894426e-05,0.025927279905323
DOMINANT,indirect,A,local,0.7,4,1000,0.0004631578947368,0.0259282969360272
DOMINANT,indirect,A,local,0.8,0,1000,0.0006526315789473,0.0259290267295284
DOMINANT,indirect,A,local,0.8,1,1000,8.421052631578885e-05,0.0259273244139093
DOMINANT,indirect,A,local,0.8,2,1000,0.0008631578947368,0.0259318394219298
DOMINANT,indirect,A,local,0.8,3,1000,6.315789473684274e-05,0.0259273021361412
DOMINANT,indirect,A,local,0.8,4,1000,0.0002526315789473,0.0259279411999404
DOMINANT,indirect,A,local,0.9,0,1000,0.0017052631578947,0.0259356862145176
DOMINANT,indirect,A,local,0.9,1,1000,0.0001894736842105,0.0259275678334974
DOMINANT,indirect,A,local,0.9,2,1000,0.0025684210526315,0.0259377268168701
DOMINANT,indirect,A,local,0.9,3,1000,0.0024631578947368,0.0259416024406343
DOMINANT,indirect,A,local,0.9,4,1000,0.0003157894736842,0.0259284884406626
DOMINANT,indirect,A,local,1.0,0,1000,0.0009894736842105,0.0259325102367156
DOMINANT,indirect,A,local,1.0,1,1000,0.0091368421052631,0.0260088964322113
DOMINANT,indirect,A,local,1.0,2,1000,0.0018105263157894,0.0259395853670618
DOMINANT,indirect,A,local,1.0,3,1000,0.0027368421052631,0.0259356611410267
DOMINANT,indirect,A,local,1.0,4,1000,0.002378947368421,0.0259379964372586
DONE,indirect,A,local,0.0,0,1000,0.7343157894736841,0.0967667127506171
DONE,indirect,A,local,0.0,1,1000,0.7208000000000001,0.0983649886013693
DONE,indirect,A,local,0.0,2,1000,0.7340842105263158,0.1050832466880122
DONE,indirect,A,local,0.0,3,1000,0.6968421052631579,0.0858305614742575
DONE,indirect,A,local,0.0,4,1000,0.7211157894736843,0.09537432035187
DONE,indirect,A,local,0.1,0,1000,0.6369263157894737,0.0736634372515934
DONE,indirect,A,local,0.1,1,1000,0.5960210526315789,0.084071137195942
DONE,indirect,A,local,0.1,2,1000,0.6403368421052632,0.0868811017346937
DONE,indirect,A,local,0.1,3,1000,0.6099368421052631,0.0696346059776623
DONE,indirect,A,local,0.1,4,1000,0.6717473684210526,0.0795783309407616
DONE,indirect,A,local,0.2,0,1000,0.4889684210526316,0.0484915953283114
DONE,indirect,A,local,0.2,1,1000,0.4033684210526316,0.0411591544907674
DONE,indirect,A,local,0.2,2,1000,0.4708,0.0609786661830457
DONE,indirect,A,local,0.2,3,1000,0.3990736842105263,0.0443589090379984
DONE,indirect,A,local,0.2,4,1000,0.4072,0.0520839276574904
DONE,indirect,A,local,0.3,0,1000,0.3638736842105263,0.0426899016280395
DONE,indirect,A,local,0.3,1,1000,0.3259368421052631,0.0400853118282234
DONE,indirect,A,local,0.3,2,1000,0.3171157894736842,0.0358803357059067
DONE,indirect,A,local,0.3,3,1000,0.3357263157894736,0.0430891127995449
DONE,indirect,A,local,0.3,4,1000,0.3461473684210526,0.0578767386406539
DONE,indirect,A,local,0.4,0,1000,0.1847157894736842,0.0305140447781801
DONE,indirect,A,local,0.4,1,1000,0.1759157894736842,0.0301243420128647
DONE,indirect,A,local,0.4,2,1000,0.2638736842105263,0.0383103957999207
DONE,indirect,A,local,0.4,3,1000,0.0950526315789473,0.0271850962398951
DONE,indirect,A,local,0.4,4,1000,0.258378947368421,0.049736451287402
DONE,indirect,A,local,0.5,0,1000,0.1617473684210526,0.0311614315012573
DONE,indirect,A,local,0.5,1,1000,0.2016631578947368,0.0326618546223354
DONE,indirect,A,local,0.5,2,1000,0.2419578947368421,0.0797544627616242
DONE,indirect,A,local,0.5,3,1000,0.1063578947368421,0.0339698824073776
DONE,indirect,A,local,0.5,4,1000,0.1561894736842105,0.0425720022026889
DONE,indirect,A,local,0.6,0,1000,0.0924631578947368,0.0276698621605858
DONE,indirect,A,local,0.6,1,1000,0.1105894736842105,0.028828965324799
DONE,indirect,A,local,0.6,2,1000,0.0874736842105263,0.0280007928241944
DONE,indirect,A,local,0.6,3,1000,0.095578947368421,0.0301913783742309
DONE,indirect,A,local,0.6,4,1000,0.193957894736842,0.0785519028007066
DONE,indirect,A,local,0.7,0,1000,0.1192421052631579,0.0293914083705608
DONE,indirect,A,local,0.7,1,1000,0.0839578947368421,0.0332050399945563
DONE,indirect,A,local,0.7,2,1000,0.1199368421052631,0.0388202673326286
DONE,indirect,A,local,0.7,3,1000,0.1641473684210526,0.034151869790273
DONE,indirect,A,local,0.7,4,1000,0.107557894736842,0.0298237503645408
DONE,indirect,A,local,0.8,0,1000,0.0748,0.0270491554709099
DONE,indirect,A,local,0.8,1,1000,0.0672,0.0266690932522049
DONE,indirect,A,local,0.8,2,1000,0.1095368421052631,0.056943361220783
DONE,indirect,A,local,0.8,3,1000,0.0708631578947368,0.0292145974137169
DONE,indirect,A,local,0.8,4,1000,0.0992842105263158,0.0273039179382579
DONE,indirect,A,local,0.9,0,1000,0.1127368421052631,0.0307427580854698
DONE,indirect,A,local,0.9,1,1000,0.0841052631578947,0.0419526180692962
DONE,indirect,A,local,0.9,2,1000,0.0862105263157894,0.0294139504965253
DONE,indirect,A,local,0.9,3,1000,0.0872210526315789,0.0283546783861616
DONE,indirect,A,local,0.9,4,1000,0.0885894736842105,0.0322967611495896
DONE,indirect,A,local,1.0,0,1000,0.0833684210526315,0.0391336181502881
DONE,indirect,A,local,1.0,1,1000,0.0533894736842105,0.0263499430065095
DONE,indirect,A,local,1.0,2,1000,0.0193894736842105,0.0259948657664011
DONE,indirect,A,local,1.0,3,1000,0.1064421052631579,0.0402502646843519
DONE,indirect,A,local,1.0,4,1000,0.0668,0.0320698682965348
GAE,direct,A,local,0.0,0,1000,0.47924210526315786,0.05423947189981128
GAE,direct,A,local,0.0,1,1000,0.49178947368421055,0.047617551239817174
GAE,direct,A,local,0.0,2,1000,0.5065052631578947,0.07346312720525652
GAE,direct,A,local,0.0,3,1000,0.5162736842105263,0.06061604465774849
GAE,direct,A,local,0.0,4,1000,0.6154105263157895,0.07319682023441017
GAE,direct,A,local,0.1,0,1000,0.4809894736842105,0.05440479745549947
GAE,direct,A,local,0.1,1,1000,0.4919578947368421,0.04763423702725479
GAE,direct,A,local,0.1,2,1000,0.5070736842105263,0.07409449856347786
GAE,direct,A,local,0.1,3,1000,0.5197473684210525,0.0617868823228047
GAE,direct,A,local,0.1,4,1000,0.615578947368421,0.07315969789887222
GAE,direct,A,local,0.2,0,1000,0.48091578947368424,0.05442297541235645
GAE,direct,A,local,0.2,1,1000,0.4920421052631579,0.04766823256392798
GAE,direct,A,local,0.2,2,1000,0.5080421052631579,0.07520614924324763
GAE,direct,A,local,0.2,3,1000,0.5206526315789474,0.06200450678513612
GAE,direct,A,local,0.2,4,1000,0.6161052631578947,0.07325390143767306
GAE,direct,A,local,0.3,0,1000,0.4801263157894736,0.05438663334171116
GAE,direct,A,local,0.3,1,1000,0.49265263157894734,0.047667449867979134
GAE,direct,A,local,0.3,2,1000,0.5064631578947368,0.07374213320116615
GAE,direct,A,local,0.3,3,1000,0.518378947368421,0.06130927499871938
GAE,direct,A,local,0.3,4,1000,0.6157578947368421,0.07349926742480772
GAE,direct,A,local,0.4,0,1000,0.4801263157894737,0.05438368330516571
GAE,direct,A,local,0.4,1,1000,0.49197894736842107,0.04760162596280107
GAE,direct,A,local,0.4,2,1000,0.5071368421052631,0.0744807343498761
GAE,direct,A,local,0.4,3,1000,0.5190105263157895,0.06159835806010429
GAE,direct,A,local,0.4,4,1000,0.615778947368421,0.07342059310627923
GAE,direct,A,local,0.5,0,1000,0.47747368421052633,0.053080792285488385
GAE,direct,A,local,0.5,1,1000,0.49174736842105266,0.04757108068410805
GAE,direct,A,local,0.5,2,1000,0.5076105263157895,0.07334744560482162
GAE,direct,A,local,0.5,3,1000,0.5195157894736843,0.06164673443954411
GAE,direct,A,local,0.5,4,1000,0.6166947368421052,0.07332344029954817
GAE,direct,A,local,0.6,0,1000,0.4788842105263158,0.0542912298495484
GAE,direct,A,local,0.6,1,1000,0.49195789473684215,0.04761005886345708
GAE,direct,A,local,0.6,2,1000,0.5070947368421053,0.07516950748758465
GAE,direct,A,local,0.6,3,1000,0.5191578947368422,0.06153231929957066
GAE,direct,A,local,0.6,4,1000,0.6156526315789473,0.07307098498150151
GAE,direct,A,local,0.7,0,1000,0.48080000000000006,0.05437361140244523
GAE,direct,A,local,0.7,1,1000,0.49192631578947366,0.0476062032103856
GAE,direct,A,local,0.7,2,1000,0.5078631578947368,0.0737789690202126
GAE,direct,A,local,0.7,3,1000,0.5185263157894737,0.061284330373470364
GAE,direct,A,local,0.7,4,1000,0.6154315789473684,0.07383932739975514
GAE,direct,A,local,0.8,0,1000,0.477621052631579,0.053110941227510075
GAE,direct,A,local,0.8,1,1000,0.4922315789473684,0.0477296304987665
GAE,direct,A,local,0.8,2,1000,0.5065052631578948,0.07383174235576466
GAE,direct,A,local,0.8,3,1000,0.5184315789473685,0.06131068520853861
GAE,direct,A,local,0.8,4,1000,0.615221052631579,0.07374811279541177
GAE,direct,A,local,0.9,0,1000,0.4806421052631579,0.05438212202805835
GAE,direct,A,local,0.9,1,1000,0.492421052631579,0.0476756337788771
GAE,direct,A,local,0.9,2,1000,0.5079157894736842,0.07363234078453484
GAE,direct,A,local,0.9,3,1000,0.5174736842105263,0.06097137203929047
GAE,direct,A,local,0.9,4,1000,0.6152842105263158,0.07349716486345274
GAE,direct,A,local,1.0,0,1000,0.4809684210526316,0.054415864037920356
GAE,direct,A,local,1.0,1,1000,0.4934947368421053,0.047800501621904384
GAE,direct,A,local,1.0,2,1000,0.5057263157894738,0.07421879573895551
GAE,direct,A,local,1.0,3,1000,0.5184631578947368,0.061528952333682496
GAE,direct,A,local,1.0,4,1000,0.615178947368421,0.0731647243397687
GCAD,indirect,A,local,0.0,0,1000,0.8689894736842105,0.3149634441814103
GCAD,indirect,A,local,0.0,1,1000,0.9006315789473684,0.3813068434606414
GCAD,indirect,A,local,0.0,2,1000,0.937157894736842,0.5769623356411621
GCAD,indirect,A,local,0.0,3,1000,0.9316842105263158,0.6552706536918793
GCAD,indirect,A,local,0.0,4,1000,0.8485473684210526,0.3720825917378369
GCAD,indirect,A,local,0.1,0,1000,0.6976421052631577,0.0973975342149753
GCAD,indirect,A,local,0.1,1,1000,0.7501052631578947,0.1215934472759408
GCAD,indirect,A,local,0.1,2,1000,0.7790947368421053,0.259769352951799
GCAD,indirect,A,local,0.1,3,1000,0.7883789473684211,0.2591047453920951
GCAD,indirect,A,local,0.1,4,1000,0.6834526315789473,0.144457893497751
GCAD,indirect,A,local,0.2,0,1000,0.4590736842105263,0.0433380883399656
GCAD,indirect,A,local,0.2,1,1000,0.4888210526315789,0.0465270457274724
GCAD,indirect,A,local,0.2,2,1000,0.5779157894736842,0.074180374772571
GCAD,indirect,A,local,0.2,3,1000,0.5262526315789473,0.0538371890371925
GCAD,indirect,A,local,0.2,4,1000,0.4560631578947368,0.0484708321850298
GCAD,indirect,A,local,0.3,0,1000,0.1838947368421052,0.0290832572200775
GCAD,indirect,A,local,0.3,1,1000,0.2208210526315789,0.0302450843173228
GCAD,indirect,A,local,0.3,2,1000,0.2516210526315789,0.0313698133287081
GCAD,indirect,A,local,0.3,3,1000,0.2366315789473684,0.031036543729389
GCAD,indirect,A,local,0.3,4,1000,0.1860631578947368,0.0289823213462188
GCAD,indirect,A,local,0.4,0,1000,0.0308842105263157,0.0261958163032844
GCAD,indirect,A,local,0.4,1,1000,0.0328842105263157,0.026233196594909
GCAD,indirect,A,local,0.4,2,1000,0.0579157894736842,0.026539086026957
GCAD,indirect,A,local,0.4,3,1000,0.0598736842105263,0.0266222488255142
GCAD,indirect,A,local,0.4,4,1000,0.0584842105263157,0.0264169695891182
GCAD,indirect,A,local,0.5,0,1000,0.0016210526315789,0.025935608901766
GCAD,indirect,A,local,0.5,1,1000,0.0020210526315789,0.0259344259716277
GCAD,indirect,A,local,0.5,2,1000,0.0052210526315789,0.025968405509153
GCAD,indirect,A,local,0.5,3,1000,0.0030315789473684,0.0259406539117664
GCAD,indirect,A,local,0.5,4,1000,0.0057263157894736,0.0259491286480057
GCAD,indirect,A,local,0.6,0,1000,6.315789473684274e-05,0.0259273240870336
GCAD,indirect,A,local,0.6,1,1000,0.0,0.0259272355839443
GCAD,indirect,A,local,0.6,2,1000,4.2105263157894426e-05,0.025927279905323
GCAD,indirect,A,local,0.6,3,1000,4.210526315789664e-05,0.0259273019030172
GCAD,indirect,A,local,0.6,4,1000,0.0001684210526315,0.0259274139974689
GCAD,indirect,A,local,0.7,0,1000,0.0,0.0259272355839443
GCAD,indirect,A,local,0.7,1,1000,0.0,0.0259272355839443
GCAD,indirect,A,local,0.7,2,1000,0.0,0.0259272355839443
GCAD,indirect,A,local,0.7,3,1000,0.0,0.0259272355839443
GCAD,indirect,A,local,0.7,4,1000,0.0,0.0259272355839443
GCAD,indirect,A,local,0.8,0,1000,0.0,0.0259272355839443
GCAD,indirect,A,local,0.8,1,1000,0.0,0.0259272355839443
GCAD,indirect,A,local,0.8,2,1000,0.0,0.0259272355839443
GCAD,indirect,A,local,0.8,3,1000,0.0,0.0259272355839443
GCAD,indirect,A,local,0.8,4,1000,0.0,0.0259272355839443
GCAD,indirect,A,local,0.9,0,1000,0.0,0.0259272355839443
GCAD,indirect,A,local,0.9,1,1000,0.0,0.0259272355839443
GCAD,indirect,A,local,0.9,2,1000,0.0,0.0259272355839443
GCAD,indirect,A,local,0.9,3,1000,0.0,0.0259272355839443
GCAD,indirect,A,local,0.9,4,1000,0.0,0.0259272355839443
GCAD,indirect,A,local,1.0,0,1000,0.0,0.0259272355839443
GCAD,indirect,A,local,1.0,1,1000,0.0,0.0259272355839443
GCAD,indirect,A,local,1.0,2,1000,0.0,0.0259272355839443
GCAD,indirect,A,local,1.0,3,1000,0.0,0.0259272355839443
GCAD,indirect,A,local,1.0,4,1000,0.0,0.0259272355839443
GCAD+IDK,indirect,A,local,0.0,0,1000,0.8550947368421052,0.2162056665440718
GCAD+IDK,indirect,A,local,0.0,1,1000,0.8832947368421052,0.4059454986992811
GCAD+IDK,indirect,A,local,0.0,2,1000,0.915842105263158,0.5269967076312667
GCAD+IDK,indirect,A,local,0.0,3,1000,0.894421052631579,0.5650255912722608
GCAD+IDK,indirect,A,local,0.0,4,1000,0.7800736842105264,0.272942974153256
GCAD+IDK,indirect,A,local,0.1,0,1000,0.6415368421052632,0.0741971352188428
GCAD+IDK,indirect,A,local,0.1,1,1000,0.7795157894736843,0.1700222980482641
GCAD+IDK,indirect,A,local,0.1,2,1000,0.8115368421052631,0.3258187189507664
GCAD+IDK,indirect,A,local,0.1,3,1000,0.7633684210526316,0.2144420988963243
GCAD+IDK,indirect,A,local,0.1,4,1000,0.6371368421052631,0.1092130320494907
GCAD+IDK,indirect,A,local,0.2,0,1000,0.3689368421052632,0.0369161576382481
GCAD+IDK,indirect,A,local,0.2,1,1000,0.5477578947368421,0.0588698406565769
GCAD+IDK,indirect,A,local,0.2,2,1000,0.6020947368421052,0.1096178963264555
GCAD+IDK,indirect,A,local,0.2,3,1000,0.5522105263157895,0.0563962365512497
GCAD+IDK,indirect,A,local,0.2,4,1000,0.4096947368421053,0.0415733425734926
GCAD+IDK,indirect,A,local,0.3,0,1000,0.1628736842105263,0.0284958525494238
GCAD+IDK,indirect,A,local,0.3,1,1000,0.2137684210526315,0.0300914336535834
GCAD+IDK,indirect,A,local,0.3,2,1000,0.3338105263157894,0.0376503127127076
GCAD+IDK,indirect,A,local,0.3,3,1000,0.2518526315789473,0.0316105682860193
GCAD+IDK,indirect,A,local,0.3,4,1000,0.1714947368421052,0.0286314091128848
GCAD+IDK,indirect,A,local,0.4,0,1000,0.0284210526315789,0.026164419801083
GCAD+IDK,indirect,A,local,0.4,1,1000,0.0515578947368421,0.0264697208778651
GCAD+IDK,indirect,A,local,0.4,2,1000,0.1350631578947368,0.0278286423479688
GCAD+IDK,indirect,A,local,0.4,3,1000,0.0608,0.0266776936691566
GCAD+IDK,indirect,A,local,0.4,4,1000,0.0526526315789473,0.026332665113666
GCAD+IDK,indirect,A,local,0.5,0,1000,0.0017684210526315,0.0259373931598258
GCAD+IDK,indirect,A,local,0.5,1,1000,0.0057052631578947,0.0259595437662655
GCAD+IDK,indirect,A,local,0.5,2,1000,0.0231263157894736,0.0260714302327232
GCAD+IDK,indirect,A,local,0.5,3,1000,0.003178947368421,0.0259453431558271
GCAD+IDK,indirect,A,local,0.5,4,1000,0.0055368421052631,0.0259508922263277
GCAD+IDK,indirect,A,local,0.6,0,1000,2.105263157894832e-05,0.0259272577213066
GCAD+IDK,indirect,A,local,0.6,1,1000,8.421052631578885e-05,0.0259273683617583
GCAD+IDK,indirect,A,local,0.6,2,1000,0.0012736842105263,0.025930950137252
GCAD+IDK,indirect,A,local,0.6,3,1000,2.105263157894832e-05,0.0259272577213066
GCAD+IDK,indirect,A,local,0.6,4,1000,0.0002736842105263,0.025927810284649
GCAD+IDK,indirect,A,local,0.7,0,1000,0.0,0.0259272355839443
GCAD+IDK,indirect,A,local,0.7,1,1000,0.0,0.0259272355839443
GCAD+IDK,indirect,A,local,0.7,2,1000,0.0,0.0259272355839443
GCAD+IDK,indirect,A,local,0.7,3,1000,0.0,0.0259272355839443
GCAD+IDK,indirect,A,local,0.7,4,1000,2.105263157894832e-05,0.0259467023818029
GCAD+IDK,indirect,A,local,0.8,0,1000,0.0,0.0259272355839443
GCAD+IDK,indirect,A,local,0.8,1,1000,0.0,0.0259272355839443
GCAD+IDK,indirect,A,local,0.8,2,1000,0.0,0.0259272355839443
GCAD+IDK,indirect,A,local,0.8,3,1000,0.0,0.0259272355839443
GCAD+IDK,indirect,A,local,0.8,4,1000,0.0,0.0259272355839443
GCAD+IDK,indirect,A,local,0.9,0,1000,0.0,0.0259272355839443
GCAD+IDK,indirect,A,local,0.9,1,1000,0.0,0.0259468784558562
GCAD+IDK,indirect,A,local,0.9,2,1000,0.0,0.0259464463257823
GCAD+IDK,indirect,A,local,0.9,3,1000,0.0,0.0259272355839443
GCAD+IDK,indirect,A,local,0.9,4,1000,0.0,0.0259272355839443
GCAD+IDK,indirect,A,local,1.0,0,1000,0.0,0.0259272355839443
GCAD+IDK,indirect,A,local,1.0,1,1000,0.0,0.0259661729216448
GCAD+IDK,indirect,A,local,1.0,2,1000,0.0,0.0259272355839443
GCAD+IDK,indirect,A,local,1.0,3,1000,0.0,0.0259272355839443
GCAD+IDK,indirect,A,local,1.0,4,1000,0.0,0.0259272355839443
IDK,none,A,local,0.0,0,1000,0.6614315789473684,0.1021784957945236
IDK,none,A,local,0.0,1,1000,0.6286947368421054,0.0809728742991058
IDK,none,A,local,0.0,2,1000,0.5851684210526316,0.0681512589341593
IDK,none,A,local,0.0,3,1000,0.6100947368421052,0.0697449611062673
IDK,none,A,local,0.0,4,1000,0.4140315789473685,0.0448838474340444
IDK,none,A,local,0.1,0,1000,0.482757894736842,0.0510612246724895
IDK,none,A,local,0.1,1,1000,0.3793368421052631,0.0378360772003724
IDK,none,A,local,0.1,2,1000,0.3730105263157894,0.0375250022943344
IDK,none,A,local,0.1,3,1000,0.3661894736842105,0.0367146909642989
IDK,none,A,local,0.1,4,1000,0.2533894736842105,0.0316009792880121
IDK,none,A,local,0.2,0,1000,0.2641473684210526,0.0317007038640085
IDK,none,A,local,0.2,1,1000,0.1759157894736842,0.0287346453818537
IDK,none,A,local,0.2,2,1000,0.1940315789473684,0.0293816593731884
IDK,none,A,local,0.2,3,1000,0.2016315789473684,0.0295187991462143
IDK,none,A,local,0.2,4,1000,0.1245052631578947,0.0276993898695332
IDK,none,A,local,0.3,0,1000,0.1124315789473684,0.0273050685659332
IDK,none,A,local,0.3,1,1000,0.0661473684210526,0.0265821517432444
IDK,none,A,local,0.3,2,1000,0.0629263157894736,0.0266290761639371
IDK,none,A,local,0.3,3,1000,0.0645684210526316,0.0265972702577404
IDK,none,A,local,0.3,4,1000,0.0634631578947368,0.0264728299945656
IDK,none,A,local,0.4,0,1000,0.0369473684210526,0.0262044058889057
IDK,none,A,local,0.4,1,1000,0.0115368421052631,0.0260120972282012
IDK,none,A,local,0.4,2,1000,0.0194315789473684,0.0261145104873851
IDK,none,A,local,0.4,3,1000,0.0178315789473684,0.0260794457016553
IDK,none,A,local,0.4,4,1000,0.0164631578947368,0.0259955483098514
IDK,none,A,local,0.5,0,1000,0.0078315789473684,0.0259609321873604
IDK,none,A,local,0.5,1,1000,0.0016631578947368,0.0259351535673486
IDK,none,A,local,0.5,2,1000,0.0047578947368421,0.0259541349877364
IDK,none,A,local,0.5,3,1000,0.0034736842105263,0.0259546952470713
IDK,none,A,local,0.5,4,1000,0.0029684210526315,0.0259357474628453
IDK,none,A,local,0.6,0,1000,0.0004421052631578,0.0259281869446285
IDK,none,A,local,0.6,1,1000,0.0001473684210526,0.025927501094093
IDK,none,A,local,0.6,2,1000,0.0007157894736842,0.0259304056905071
IDK,none,A,local,0.6,3,1000,0.0005894736842105,0.0259324014895446
IDK,none,A,local,0.6,4,1000,0.0010105263157894,0.0259287293087123
IDK,none,A,local,0.7,0,1000,0.0,0.0259272355839443
IDK,none,A,local,0.7,1,1000,0.0,0.0259272355839443
IDK,none,A,local,0.7,2,1000,6.315789473684496e-05,0.025927368036501
IDK,none,A,local,0.7,3,1000,0.0001263157894736,0.025947869863669
IDK,none,A,local,0.7,4,1000,0.0001263157894736,0.0259273691108917
IDK,none,A,local,0.8,0,1000,0.0,0.0259272355839443
IDK,none,A,local,0.8,1,1000,0.0,0.025947242955081
IDK,none,A,local,0.8,2,1000,0.0,0.0259272355839443
IDK,none,A,local,0.8,3,1000,0.0,0.0259272355839443
IDK,none,A,local,0.8,4,1000,2.105263157894832e-05,0.0259272577213066
IDK,none,A,local,0.9,0,1000,0.0,0.0259466802444405
IDK,none,A,local,0.9,1,1000,0.0,0.025947242955081
IDK,none,A,local,0.9,2,1000,0.0,0.025946998840929
IDK,none,A,local,0.9,3,1000,0.0,0.0259272355839443
IDK,none,A,local,0.9,4,1000,0.0,0.0259272355839443
IDK,none,A,local,1.0,0,1000,0.0,0.0339721833682756
IDK,none,A,local,1.0,1,1000,0.0003157894736842,0.0337474795277653
IDK,none,A,local,1.0,2,1000,0.0,0.0338215387677913
IDK,none,A,local,1.0,3,1000,0.0,0.0341443827716895
IDK,none,A,local,1.0,4,1000,0.0,0.0337426421704673
LOF,none,A,local,0.0,0,1000,0.8981473684210527,0.3694394881934506
LOF,none,A,local,0.0,1,1000,0.8993473684210527,0.467622272759795
LOF,none,A,local,0.0,2,1000,0.937557894736842,0.5560670796806476
LOF,none,A,local,0.0,3,1000,0.9253473684210526,0.5837254629627346
LOF,none,A,local,0.0,4,1000,0.8318736842105263,0.3599650418121483
LOF,none,A,local,0.1,0,1000,0.7321894736842105,0.1194258089132543
LOF,none,A,local,0.1,1,1000,0.738178947368421,0.1416309376226559
LOF,none,A,local,0.1,2,1000,0.8036736842105263,0.2330226291395842
LOF,none,A,local,0.1,3,1000,0.7821052631578947,0.2389373428355179
LOF,none,A,local,0.1,4,1000,0.6185684210526317,0.1257087052015835
LOF,none,A,local,0.2,0,1000,0.3716,0.0394772872885515
LOF,none,A,local,0.2,1,1000,0.3740842105263157,0.0396919299663627
LOF,none,A,local,0.2,2,1000,0.4396842105263159,0.0511399409422268
LOF,none,A,local,0.2,3,1000,0.4163473684210526,0.0494172951474143
LOF,none,A,local,0.2,4,1000,0.3078947368421052,0.0384127197638153
LOF,none,A,local,0.3,0,1000,0.0567157894736842,0.0263359322736809
LOF,none,A,local,0.3,1,1000,0.0609263157894736,0.0263213720848424
LOF,none,A,local,0.3,2,1000,0.1018315789473684,0.0270505404686724
LOF,none,A,local,0.3,3,1000,0.1056,0.0270293867880454
LOF,none,A,local,0.3,4,1000,0.0880842105263157,0.0267264713669519
LOF,none,A,local,0.4,0,1000,0.0043578947368421,0.025954889738986
LOF,none,A,local,0.4,1,1000,0.0015578947368421,0.0259314565141768
LOF,none,A,local,0.4,2,1000,0.0066736842105263,0.0259460877559787
LOF,none,A,local,0.4,3,1000,0.0037263157894736,0.0259375568455052
LOF,none,A,local,0.4,4,1000,0.0090105263157894,0.0259769724709184
LOF,none,A,local,0.5,0,1000,0.0022315789473684,0.0259446016019494
LOF,none,A,local,0.5,1,1000,0.0004,0.0259287297182207
LOF,none,A,local,0.5,2,1000,0.0005263157894736,0.0259292366038987
LOF,none,A,local,0.5,3,1000,0.0001263157894736,0.0259274349606092
LOF,none,A,local,0.5,4,1000,0.0026526315789473,0.0259437631874232
LOF,none,A,local,0.6,0,1000,0.0016,0.0259449252807637
LOF,none,A,local,0.6,1,1000,0.0002947368421052,0.0259279864502978
LOF,none,A,local,0.6,2,1000,0.0002105263157894,0.0259279829832128
LOF,none,A,local,0.6,3,1000,6.315789473684274e-05,0.0259273240870336
LOF,none,A,local,0.6,4,1000,0.0013263157894736,0.0259358084470252
LOF,none,A,local,0.7,0,1000,0.0012421052631579,0.0259427430288067
LOF,none,A,local,0.7,1,1000,0.0001052631578947,0.0259274124513355
LOF,none,A,local,0.7,2,1000,0.0,0.0259272355839443
LOF,none,A,local,0.7,3,1000,2.105263157894832e-05,0.0259272577213066
LOF,none,A,local,0.7,4,1000,0.0012210526315789,0.0259335109388107
LOF,none,A,local,0.8,0,1000,0.0005052631578947,0.0259308222346853
LOF,none,A,local,0.8,1,1000,0.0026526315789473,0.0259551256525392
LOF,none,A,local,0.8,2,1000,0.0020210526315789,0.0259607659981421
LOF,none,A,local,0.8,3,1000,0.0012842105263158,0.0259373627439399
LOF,none,A,local,0.8,4,1000,0.0077473684210526,0.0260052943478543
LOF,none,A,local,0.9,0,1000,0.0037052631578947,0.0259598695824296
LOF,none,A,local,0.9,1,1000,0.0197052631578947,0.0261855477873922
LOF,none,A,local,0.9,2,1000,0.0454105263157894,0.0268157142308558
LOF,none,A,local,0.9,3,1000,0.0290947368421052,0.0263845944513116
LOF,none,A,local,0.9,4,1000,0.0226315789473684,0.0262062047626016
LOF,none,A,local,1.0,0,1000,0.1013684210526315,0.0369054367319625
LOF,none,A,local,1.0,1,1000,0.0676842105263158,0.0359481527894438
LOF,none,A,local,1.0,2,1000,0.0548631578947368,0.0356037772973173
LOF,none,A,local,1.0,3,1000,0.0513052631578947,0.0359766915126199
LOF,none,A,local,1.0,4,1000,0.1039368421052631,0.0373311374272308
ONE,indirect,A,local,0.0,0,1000,0.4910947368421052,0.0581926912350037
ONE,indirect,A,local,0.0,1,1000,0.4838947368421052,0.0519061642214917
ONE,indirect,A,local,0.0,2,1000,0.5041894736842105,0.0513113535831881
ONE,indirect,A,local,0.0,3,1000,0.476378947368421,0.0498606110454263
ONE,indirect,A,local,0.0,4,1000,0.4646105263157895,0.0519472302329329
ONE,indirect,A,local,0.1,0,1000,0.4522105263157894,0.0456605374082974
ONE,indirect,A,local,0.1,1,1000,0.5327999999999999,0.0717630222346976
ONE,indirect,A,local,0.1,2,1000,0.4955157894736842,0.0622530437014638
ONE,indirect,A,local,0.1,3,1000,0.5111999999999999,0.0560653514128442
ONE,indirect,A,local,0.1,4,1000,0.496021052631579,0.0521171262632517
ONE,indirect,A,local,0.2,0,1000,0.4046736842105263,0.0405777437247661
ONE,indirect,A,local,0.2,1,1000,0.4932,0.0543270548689908
ONE,indirect,A,local,0.2,2,1000,0.4592421052631579,0.0449906658031595
ONE,indirect,A,local,0.2,3,1000,0.4511789473684209,0.0463641346151919
ONE,indirect,A,local,0.2,4,1000,0.4702315789473684,0.0470064503948516
ONE,indirect,A,local,0.3,0,1000,0.5231368421052631,0.0496759981990641
ONE,indirect,A,local,0.3,1,1000,0.4952631578947368,0.0523073768827337
ONE,indirect,A,local,0.3,2,1000,0.4613894736842105,0.0581576027806463
ONE,indirect,A,local,0.3,3,1000,0.5504421052631578,0.0712670619509634
ONE,indirect,A,local,0.3,4,1000,0.4935578947368421,0.0476202988655579
ONE,indirect,A,local,0.4,0,1000,0.4973263157894736,0.0538027186536342
ONE,indirect,A,local,0.4,1,1000,0.5220210526315789,0.0615544443269067
ONE,indirect,A,local,0.4,2,1000,0.4737473684210526,0.0491591082825812
ONE,indirect,A,local,0.4,3,1000,0.5342736842105263,0.0720920187107208
ONE,indirect,A,local,0.4,4,1000,0.4363157894736842,0.0467535079407634
ONE,indirect,A,local,0.5,0,1000,0.5003368421052632,0.0491119307288283
ONE,indirect,A,local,0.5,1,1000,0.5377894736842105,0.0579872557145098
ONE,indirect,A,local,0.5,2,1000,0.4896,0.0501677037537502
ONE,indirect,A,local,0.5,3,1000,0.5810736842105263,0.0678035844932537
ONE,indirect,A,local,0.5,4,1000,0.4394947368421052,0.0531614071692689
ONE,indirect,A,local,0.6,0,1000,0.4446526315789474,0.0446286096650832
ONE,indirect,A,local,0.6,1,1000,0.5045684210526317,0.0531137309913947
ONE,indirect,A,local,0.6,2,1000,0.4461473684210526,0.0476775270331593
ONE,indirect,A,local,0.6,3,1000,0.4930105263157894,0.0681314524706056
ONE,indirect,A,local,0.6,4,1000,0.5531999999999999,0.0654288573240983
ONE,indirect,A,local,0.7,0,1000,0.4597052631578947,0.053479723142787
ONE,indirect,A,local,0.7,1,1000,0.5499157894736841,0.0565378745674931
ONE,indirect,A,local,0.7,2,1000,0.4618736842105263,0.043723423245181
ONE,indirect,A,local,0.7,3,1000,0.4777263157894736,0.0489586913950535
ONE,indirect,A,local,0.7,4,1000,0.4549684210526315,0.045338942207805
ONE,indirect,A,local,0.8,0,1000,0.458021052631579,0.0450115811560925
ONE,indirect,A,local,0.8,1,1000,0.5922736842105263,0.0658353483917203
ONE,indirect,A,local,0.8,2,1000,0.4862105263157894,0.0487594666058787
ONE,indirect,A,local,0.8,3,1000,0.4940631578947368,0.0506956017032899
ONE,indirect,A,local,0.8,4,1000,0.525621052631579,0.0558397810853604
ONE,indirect,A,local,0.9,0,1000,0.4549894736842105,0.0447796909497432
ONE,indirect,A,local,0.9,1,1000,0.5217684210526317,0.0541909625691013
ONE,indirect,A,local,0.9,2,1000,0.4810315789473684,0.0504951371173632
ONE,indirect,A,local,0.9,3,1000,0.5366947368421052,0.078947694550551
ONE,indirect,A,local,0.9,4,1000,0.4625052631578947,0.0473494144932704
ONE,indirect,A,local,1.0,0,1000,0.4846947368421053,0.0505003845519572
ONE,indirect,A,local,1.0,1,1000,0.4926526315789474,0.0536923358902047
ONE,indirect,A,local,1.0,2,1000,0.4892210526315789,0.056982084583153
ONE,indirect,A,local,1.0,3,1000,0.4736842105263157,0.0553815087845115
ONE,indirect,A,local,1.0,4,1000,0.4702947368421052,0.0523268134858692
Radar,indirect,A,local,0.0,0,1000,0.5670315789473686,0.0591498648330402
Radar,indirect,A,local,0.0,1,1000,0.4769473684210526,0.0471543899301064
Radar,indirect,A,local,0.0,2,1000,0.4925473684210525,0.0468474931320491
Radar,indirect,A,local,0.0,3,1000,0.4344736842105263,0.041132355700085
Radar,indirect,A,local,0.0,4,1000,0.4641684210526315,0.0432252949520241
Radar,indirect,A,local,0.1,0,1000,0.5589684210526316,0.0563162848440315
Radar,indirect,A,local,0.1,1,1000,0.4646947368421052,0.0448843423597441
Radar,indirect,A,local,0.1,2,1000,0.4887157894736842,0.0462626675392917
Radar,indirect,A,local,0.1,3,1000,0.432357894736842,0.0407035617786558
Radar,indirect,A,local,0.1,4,1000,0.4673894736842105,0.0434372429092029
Radar,indirect,A,local,0.2,0,1000,0.5505052631578948,0.0540694972535888
Radar,indirect,A,local,0.2,1,1000,0.4615368421052632,0.0440051961691088
Radar,indirect,A,local,0.2,2,1000,0.485178947368421,0.0458661860309463
Radar,indirect,A,local,0.2,3,1000,0.4329894736842105,0.0407055424327693
Radar,indirect,A,local,0.2,4,1000,0.4748421052631578,0.0439789124739469
Radar,indirect,A,local,0.3,0,1000,0.5407157894736843,0.0522302861485175
Radar,indirect,A,local,0.3,1,1000,0.4620210526315789,0.0435966485811506
Radar,indirect,A,local,0.3,2,1000,0.4860421052631579,0.0459849523572049
Radar,indirect,A,local,0.3,3,1000,0.4341263157894737,0.0408735311507011
Radar,indirect,A,local,0.3,4,1000,0.4811157894736843,0.0444482351998984
Radar,indirect,A,local,0.4,0,1000,0.5286947368421052,0.0503630607013803
Radar,indirect,A,local,0.4,1,1000,0.4656421052631579,0.0437109968927741
Radar,indirect,A,local,0.4,2,1000,0.4919368421052632,0.0465109440982195
Radar,indirect,A,local,0.4,3,1000,0.4399157894736841,0.0414128542423304
Radar,indirect,A,local,0.4,4,1000,0.4858526315789473,0.0449761438256507
Radar,indirect,A,local,0.5,0,1000,0.5145894736842105,0.0487220206744535
Radar,indirect,A,local,0.5,1,1000,0.4770526315789474,0.0447634804821937
Radar,indirect,A,local,0.5,2,1000,0.4980842105263158,0.0472662624675294
Radar,indirect,A,local,0.5,3,1000,0.4461052631578947,0.0419296888356944
Radar,indirect,A,local,0.5,4,1000,0.4877263157894737,0.0453316017319306
Radar,indirect,A,local,0.6,0,1000,0.5063368421052632,0.0480461848160363
Radar,indirect,A,local,0.6,1,1000,0.4910736842105263,0.0463410502535403
Radar,indirect,A,local,0.6,2,1000,0.5062947368421054,0.0483326040067882
Radar,indirect,A,local,0.6,3,1000,0.4546105263157894,0.0424069195872354
Radar,indirect,A,local,0.6,4,1000,0.4880210526315789,0.0455974507090117
Radar,indirect,A,local,0.7,0,1000,0.4988421052631578,0.0475198991802741
Radar,indirect,A,local,0.7,1,1000,0.5029052631578947,0.0479439738956908
Radar,indirect,A,local,0.7,2,1000,0.5108421052631578,0.0492382867528626
Radar,indirect,A,local,0.7,3,1000,0.4698842105263158,0.0435673343912786
Radar,indirect,A,local,0.7,4,1000,0.4901368421052631,0.0462408353199982
Radar,indirect,A,local,0.8,0,1000,0.4929473684210527,0.0471994757811592
Radar,indirect,A,local,0.8,1,1000,0.5055157894736843,0.0490493110724667
Radar,indirect,A,local,0.8,2,1000,0.5131052631578947,0.0503312609146598
Radar,indirect,A,local,0.8,3,1000,0.4850315789473683,0.0450269881203165
Radar,indirect,A,local,0.8,4,1000,0.4936,0.0470867308466485
Radar,indirect,A,local,0.9,0,1000,0.4832210526315789,0.0463003083614067
Radar,indirect,A,local,0.9,1,1000,0.5079578947368422,0.050077955668302
Radar,indirect,A,local,0.9,2,1000,0.513178947368421,0.0513414039370884
Radar,indirect,A,local,0.9,3,1000,0.5155157894736841,0.048743526585846
Radar,indirect,A,local,0.9,4,1000,0.5012,0.0486273491251262
Radar,indirect,A,local,1.0,0,1000,0.4778947368421052,0.0461411250758208
Radar,indirect,A,local,1.0,1,1000,0.5085894736842105,0.0518276880722399
Radar,indirect,A,local,1.0,2,1000,0.5167157894736842,0.0530659658145849
Radar,indirect,A,local,1.0,3,1000,0.5331157894736842,0.0530484016248716
Radar,indirect,A,local,1.0,4,1000,0.5042526315789474,0.0498826091027231
iForest,none,A,local,0.0,0,1000,0.7200421052631578,0.137173852657665
iForest,none,A,local,0.0,1,1000,0.6310526315789474,0.0878065286517742
iForest,none,A,local,0.0,2,1000,0.5893473684210526,0.0724964272744589
iForest,none,A,local,0.0,3,1000,0.6664000000000001,0.1199366621455885
iForest,none,A,local,0.0,4,1000,0.5084210526315789,0.066986567540769
iForest,none,A,local,0.1,0,1000,0.5158315789473684,0.0520194883723981
iForest,none,A,local,0.1,1,1000,0.4506947368421053,0.0450650667936556
iForest,none,A,local,0.1,2,1000,0.3651368421052631,0.0375815227301682
iForest,none,A,local,0.1,3,1000,0.4333473684210526,0.0448448169668753
iForest,none,A,local,0.1,4,1000,0.2994105263157894,0.0354061608168528
iForest,none,A,local,0.2,0,1000,0.2710105263157895,0.0318971547146166
iForest,none,A,local,0.2,1,1000,0.243621052631579,0.0308357811350142
iForest,none,A,local,0.2,2,1000,0.1784,0.0289205195995734
iForest,none,A,local,0.2,3,1000,0.1934315789473684,0.0291841950081028
iForest,none,A,local,0.2,4,1000,0.1565263157894737,0.028217374477628
iForest,none,A,local,0.3,0,1000,0.0970736842105263,0.027088204842002
iForest,none,A,local,0.3,1,1000,0.0865894736842105,0.0268415837653263
iForest,none,A,local,0.3,2,1000,0.0796,0.0268903891824682
iForest,none,A,local,0.3,3,1000,0.0654526315789473,0.026590696633588
iForest,none,A,local,0.3,4,1000,0.0603368421052631,0.0264324181679068
iForest,none,A,local,0.4,0,1000,0.0278736842105263,0.0261305890029663
iForest,none,A,local,0.4,1,1000,0.0101473684210526,0.0260038836898092
iForest,none,A,local,0.4,2,1000,0.0184842105263157,0.0260744843970388
iForest,none,A,local,0.4,3,1000,0.0096631578947368,0.0259977872192313
iForest,none,A,local,0.4,4,1000,0.0117473684210526,0.025971035651409
iForest,none,A,local,0.5,0,1000,0.0024631578947368,0.0259414761543268
iForest,none,A,local,0.5,1,1000,0.0013263157894736,0.0259332995128842
iForest,none,A,local,0.5,2,1000,0.0029263157894736,0.0259419903701805
iForest,none,A,local,0.5,3,1000,0.0007157894736842,0.0259304509117015
iForest,none,A,local,0.5,4,1000,0.0021473684210526,0.0259313171484538
iForest,none,A,local,0.6,0,1000,0.0001473684210526,0.0259274351952115
iForest,none,A,local,0.6,1,1000,0.0001052631578947,0.0259274344952421
iForest,none,A,local,0.6,2,1000,0.0002526315789473,0.0259276348599538
iForest,none,A,local,0.6,3,1000,0.0001052631578947,0.0259275657906701
iForest,none,A,local,0.6,4,1000,0.0001684210526315,0.0259274139974689
iForest,none,A,local,0.7,0,1000,0.0,0.0259272355839443
iForest,none,A,local,0.7,1,1000,0.0,0.0259272355839443
iForest,none,A,local,0.7,2,1000,0.0,0.0259272355839443
iForest,none,A,local,0.7,3,1000,0.0,0.0259272355839443
iForest,none,A,local,0.7,4,1000,0.0,0.0259272355839443
iForest,none,A,local,0.8,0,1000,0.0,0.0259272355839443
iForest,none,A,local,0.8,1,1000,0.0,0.0259272355839443
iForest,none,A,local,0.8,2,1000,0.0,0.0259272355839443
iForest,none,A,local,0.8,3,1000,0.0,0.0259272355839443
iForest,none,A,local,0.8,4,1000,0.0,0.0259272355839443
iForest,none,A,local,0.9,0,1000,0.0,0.0259272355839443
iForest,none,A,local,0.9,1,1000,0.0,0.0259272355839443
iForest,none,A,local,0.9,2,1000,0.0,0.0259272355839443
iForest,none,A,local,0.9,3,1000,0.0,0.0259272355839443
iForest,none,A,local,0.9,4,1000,0.0,0.0259272355839443
iForest,none,A,local,1.0,0,1000,0.0,0.0339721833682756
iForest,none,A,local,1.0,1,1000,0.0,0.0337426421704673
iForest,none,A,local,1.0,2,1000,0.0,0.0338027451104034
iForest,none,A,local,1.0,3,1000,0.0,0.0341443827716895
iForest,none,A,local,1.0,4,1000,0.0,0.0337426421704673
AnomalyDAE,indirect,B,global,0.0,0,1000,0.7729052631578948,0.1283717473872032
AnomalyDAE,indirect,B,global,0.0,1,1000,0.7244210526315791,0.0871625831872194
AnomalyDAE,indirect,B,global,0.0,2,1000,0.6796421052631578,0.0974016172751634
AnomalyDAE,indirect,B,global,0.0,3,1000,0.6957473684210527,0.0815701076695352
AnomalyDAE,indirect,B,global,0.0,4,1000,0.696021052631579,0.1753105616724544
AnomalyDAE,indirect,B,global,0.1,0,1000,0.5569263157894737,0.0547622913344128
AnomalyDAE,indirect,B,global,0.1,1,1000,0.512378947368421,0.0500302707194826
AnomalyDAE,indirect,B,global,0.1,2,1000,0.4520842105263158,0.0421649183518838
AnomalyDAE,indirect,B,global,0.1,3,1000,0.5725684210526316,0.0603267295796721
AnomalyDAE,indirect,B,global,0.1,4,1000,0.5753263157894737,0.0759320927040292
AnomalyDAE,indirect,B,global,0.2,0,1000,0.2301263157894737,0.0306898954234234
AnomalyDAE,indirect,B,global,0.2,1,1000,0.1982526315789473,0.0296421553051787
AnomalyDAE,indirect,B,global,0.2,2,1000,0.3182736842105263,0.0340700220405552
AnomalyDAE,indirect,B,global,0.2,3,1000,0.508778947368421,0.0471049523860072
AnomalyDAE,indirect,B,global,0.2,4,1000,0.3137052631578947,0.0339256413478817
AnomalyDAE,indirect,B,global,0.3,0,1000,0.1420421052631579,0.0281216886807627
AnomalyDAE,indirect,B,global,0.3,1,1000,0.1153684210526315,0.027705278624438
AnomalyDAE,indirect,B,global,0.3,2,1000,0.1912,0.0293261749558696
AnomalyDAE,indirect,B,global,0.3,3,1000,0.1181894736842105,0.0277504757125527
AnomalyDAE,indirect,B,global,0.3,4,1000,0.1150736842105263,0.0273243618069991
AnomalyDAE,indirect,B,global,0.4,0,1000,0.0432842105263158,0.0263387849043256
AnomalyDAE,indirect,B,global,0.4,1,1000,0.0097052631578947,0.0260165383223495
AnomalyDAE,indirect,B,global,0.4,2,1000,0.0384421052631578,0.0263966709101503
AnomalyDAE,indirect,B,global,0.4,3,1000,0.0072631578947368,0.0259896791314799
AnomalyDAE,indirect,B,global,0.4,4,1000,0.2202315789473684,0.0302806459719466
AnomalyDAE,indirect,B,global,0.5,0,1000,0.0049894736842105,0.0259547553821042
AnomalyDAE,indirect,B,global,0.5,1,1000,0.002778947368421,0.0259438224985056
AnomalyDAE,indirect,B,global,0.5,2,1000,0.0222526315789473,0.0260913608244052
AnomalyDAE,indirect,B,global,0.5,3,1000,0.0012210526315789,0.025936313493838
AnomalyDAE,indirect,B,global,0.5,4,1000,0.006778947368421,0.0259418623942653
AnomalyDAE,indirect,B,global,0.6,0,1000,0.0004,0.0259279894538774
AnomalyDAE,indirect,B,global,0.6,1,1000,0.0021473684210526,0.025931631905822
AnomalyDAE,indirect,B,global,0.6,2,1000,0.0001052631578947,0.0259273467387763
AnomalyDAE,indirect,B,global,0.6,3,1000,0.0,0.0259272355839443
AnomalyDAE,indirect,B,global,0.6,4,1000,0.0001473684210526,0.0259275227222226
AnomalyDAE,indirect,B,global,0.7,0,1000,0.0,0.0259272355839443
AnomalyDAE,indirect,B,global,0.7,1,1000,0.0,0.0259272355839443
AnomalyDAE,indirect,B,global,0.7,2,1000,0.0,0.0259272355839443
AnomalyDAE,indirect,B,global,0.7,3,1000,4.2105263157894426e-05,0.025927279905323
AnomalyDAE,indirect,B,global,0.7,4,1000,8.421052631579106e-05,0.0259273463178517
AnomalyDAE,indirect,B,global,0.8,0,1000,0.0,0.0259272355839443
AnomalyDAE,indirect,B,global,0.8,1,1000,0.0,0.0259272355839443
AnomalyDAE,indirect,B,global,0.8,2,1000,0.0,0.0259272355839443
AnomalyDAE,indirect,B,global,0.8,3,1000,0.0,0.0259272355839443
AnomalyDAE,indirect,B,global,0.8,4,1000,0.0,0.0259272355839443
AnomalyDAE,indirect,B,global,0.9,0,1000,0.0,0.0259272355839443
AnomalyDAE,indirect,B,global,0.9,1,1000,0.0,0.0259272355839443
AnomalyDAE,indirect,B,global,0.9,2,1000,0.0,0.0259272355839443
AnomalyDAE,indirect,B,global,0.9,3,1000,0.0,0.0259272355839443
AnomalyDAE,indirect,B,global,0.9,4,1000,0.0,0.0259272355839443
AnomalyDAE,indirect,B,global,1.0,0,1000,0.0,0.0259272355839443
AnomalyDAE,indirect,B,global,1.0,1,1000,0.0,0.0259272355839443
AnomalyDAE,indirect,B,global,1.0,2,1000,0.0,0.0259272355839443
AnomalyDAE,indirect,B,global,1.0,3,1000,0.0,0.0259272355839443
AnomalyDAE,indirect,B,global,1.0,4,1000,0.0,0.0259272355839443
CoLA,indirect,B,global,0.0,0,1000,0.5284631578947369,0.049597182555697
CoLA,indirect,B,global,0.0,1,1000,0.6481894736842105,0.0676958995998793
CoLA,indirect,B,global,0.0,2,1000,0.6318315789473684,0.0631111789891516
CoLA,indirect,B,global,0.0,3,1000,0.4848,0.0478279673093509
CoLA,indirect,B,global,0.0,4,1000,0.5955578947368421,0.057270933091391
CoLA,indirect,B,global,0.1,0,1000,0.6227157894736842,0.0619617365601654
CoLA,indirect,B,global,0.1,1,1000,0.4482947368421053,0.0448457764608544
CoLA,indirect,B,global,0.1,2,1000,0.4572,0.0427061893584196
CoLA,indirect,B,global,0.1,3,1000,0.5582736842105263,0.0527588151667077
CoLA,indirect,B,global,0.1,4,1000,0.4748842105263158,0.0444160955554484
CoLA,indirect,B,global,0.2,0,1000,0.5704,0.0545290204090668
CoLA,indirect,B,global,0.2,1,1000,0.5193263157894736,0.0486161448699108
CoLA,indirect,B,global,0.2,2,1000,0.5486947368421053,0.0511406029954998
CoLA,indirect,B,global,0.2,3,1000,0.5765894736842105,0.0595179806933633
CoLA,indirect,B,global,0.2,4,1000,0.5090736842105263,0.0467764940825112
CoLA,indirect,B,global,0.3,0,1000,0.7033684210526315,0.0759094561733075
CoLA,indirect,B,global,0.3,1,1000,0.7812,0.1046532914364044
CoLA,indirect,B,global,0.3,2,1000,0.6228631578947368,0.0649506239163284
CoLA,indirect,B,global,0.3,3,1000,0.5783578947368422,0.0549230256975074
CoLA,indirect,B,global,0.3,4,1000,0.5267578947368421,0.0496556819513572
CoLA,indirect,B,global,0.4,0,1000,0.5973684210526315,0.0640401616558188
CoLA,indirect,B,global,0.4,1,1000,0.606778947368421,0.0582581825018823
CoLA,indirect,B,global,0.4,2,1000,0.5462315789473685,0.0513056404968793
CoLA,indirect,B,global,0.4,3,1000,0.6645263157894736,0.0687425932039383
CoLA,indirect,B,global,0.4,4,1000,0.5887157894736842,0.0561649499174332
CoLA,indirect,B,global,0.5,0,1000,0.6668421052631579,0.0682228730727302
CoLA,indirect,B,global,0.5,1,1000,0.7043157894736842,0.0787661376691613
CoLA,indirect,B,global,0.5,2,1000,0.6297052631578948,0.0624438831033616
CoLA,indirect,B,global,0.5,3,1000,0.5291789473684211,0.0495655499937659
CoLA,indirect,B,global,0.5,4,1000,0.6160631578947369,0.0597257699433401
CoLA,indirect,B,global,0.6,0,1000,0.6740631578947369,0.0699241182040665
CoLA,indirect,B,global,0.6,1,1000,0.656378947368421,0.0673464145673721
CoLA,indirect,B,global,0.6,2,1000,0.7124842105263158,0.0781320803797332
CoLA,indirect,B,global,0.6,3,1000,0.7021263157894737,0.0755908545970229
CoLA,indirect,B,global,0.6,4,1000,0.6784631578947369,0.070362302810231
CoLA,indirect,B,global,0.7,0,1000,0.6920210526315789,0.0770179071207211
CoLA,indirect,B,global,0.7,1,1000,0.8081684210526316,0.125928691233713
CoLA,indirect,B,global,0.7,2,1000,0.6647157894736841,0.0752615494209663
CoLA,indirect,B,global,0.7,3,1000,0.786578947368421,0.1027883675528375
CoLA,indirect,B,global,0.7,4,1000,0.7428210526315789,0.0900206986224247
CoLA,indirect,B,global,0.8,0,1000,0.7845684210526316,0.1048085929883286
CoLA,indirect,B,global,0.8,1,1000,0.8052842105263158,0.1165904227242351
CoLA,indirect,B,global,0.8,2,1000,0.7911157894736842,0.1065953664077264
CoLA,indirect,B,global,0.8,3,1000,0.8000421052631579,0.1091076550982707
CoLA,indirect,B,global,0.8,4,1000,0.7796210526315789,0.1051604371192303
CoLA,indirect,B,global,0.9,0,1000,0.8182736842105264,0.1461795959543798
CoLA,indirect,B,global,0.9,1,1000,0.8452526315789474,0.1456580298450423
CoLA,indirect,B,global,0.9,2,1000,0.8417473684210526,0.1533825358437331
CoLA,indirect,B,global,0.9,3,1000,0.8097684210526316,0.1133904738967435
CoLA,indirect,B,global,0.9,4,1000,0.8006947368421052,0.116127073984074
CoLA,indirect,B,global,1.0,0,1000,0.794978947368421,0.1498771532902481
CoLA,indirect,B,global,1.0,1,1000,0.802021052631579,0.1180582466782075
CoLA,indirect,B,global,1.0,2,1000,0.8253263157894737,0.1276085592740291
CoLA,indirect,B,global,1.0,3,1000,0.8418526315789474,0.1353601689471034
CoLA,indirect,B,global,1.0,4,1000,0.8458947368421054,0.1516191874801637
DOMINANT,indirect,B,global,0.0,0,1000,0.9999157894736842,0.9985185185185184
DOMINANT,indirect,B,global,0.0,1,1000,1.0,1.0
DOMINANT,indirect,B,global,0.0,2,1000,0.9999157894736842,0.9985185185185184
DOMINANT,indirect,B,global,0.0,3,1000,0.9998526315789472,0.9975438596491228
DOMINANT,indirect,B,global,0.0,4,1000,1.0,1.0
DOMINANT,indirect,B,global,0.1,0,1000,0.9996842105263156,0.9948840086606868
DOMINANT,indirect,B,global,0.1,1,1000,0.9999157894736842,0.9985185185185184
DOMINANT,indirect,B,global,0.1,2,1000,0.999621052631579,0.9947058823529412
DOMINANT,indirect,B,global,0.1,3,1000,0.9997894736842105,0.9966666666666668
DOMINANT,indirect,B,global,0.1,4,1000,0.999621052631579,0.9923714379556464
DOMINANT,indirect,B,global,0.2,0,1000,0.9994947368421052,0.991240867077366
DOMINANT,indirect,B,global,0.2,1,1000,0.9996,0.9929612674425304
DOMINANT,indirect,B,global,0.2,2,1000,0.9982105263157895,0.9844342768553964
DOMINANT,indirect,B,global,0.2,3,1000,0.9989263157894736,0.9852940682508052
DOMINANT,indirect,B,global,0.2,4,1000,0.9969052631578948,0.9472539321677048
DOMINANT,indirect,B,global,0.3,0,1000,0.9969052631578948,0.9540130914125772
DOMINANT,indirect,B,global,0.3,1,1000,0.990442105263158,0.8614691311462237
DOMINANT,indirect,B,global,0.3,2,1000,0.9890315789473684,0.9000233173118318
DOMINANT,indirect,B,global,0.3,3,1000,0.9939789473684212,0.9147070491899962
DOMINANT,indirect,B,global,0.3,4,1000,0.988042105263158,0.8071450500754517
DOMINANT,indirect,B,global,0.4,0,1000,0.9885052631578948,0.8396987667115873
DOMINANT,indirect,B,global,0.4,1,1000,0.9719157894736842,0.668536991976049
DOMINANT,indirect,B,global,0.4,2,1000,0.934757894736842,0.4156920033379056
DOMINANT,indirect,B,global,0.4,3,1000,0.982,0.7775419785798025
DOMINANT,indirect,B,global,0.4,4,1000,0.9606736842105263,0.5596714414511917
DOMINANT,indirect,B,global,0.5,0,1000,0.9480631578947368,0.4323739657697892
DOMINANT,indirect,B,global,0.5,1,1000,0.9282526315789474,0.4003303622367152
DOMINANT,indirect,B,global,0.5,2,1000,0.9239052631578948,0.3260278697406737
DOMINANT,indirect,B,global,0.5,3,1000,0.9144842105263158,0.2973871885557209
DOMINANT,indirect,B,global,0.5,4,1000,0.9083368421052632,0.2911018612687339
DOMINANT,indirect,B,global,0.6,0,1000,0.7733263157894736,0.1055757275800265
DOMINANT,indirect,B,global,0.6,1,1000,0.7965263157894736,0.1212628563931523
DOMINANT,indirect,B,global,0.6,2,1000,0.7175789473684211,0.082990067377046
DOMINANT,indirect,B,global,0.6,3,1000,0.669136842105263,0.0688042172902227
DOMINANT,indirect,B,global,0.6,4,1000,0.7526526315789474,0.0967102596361346
DOMINANT,indirect,B,global,0.7,0,1000,0.6210736842105262,0.0605041526589483
DOMINANT,indirect,B,global,0.7,1,1000,0.5658947368421052,0.0529280961338174
DOMINANT,indirect,B,global,0.7,2,1000,0.5146736842105264,0.0473026387330729
DOMINANT,indirect,B,global,0.7,3,1000,0.5903368421052632,0.0555047247333532
DOMINANT,indirect,B,global,0.7,4,1000,0.5170315789473684,0.0477064908858384
DOMINANT,indirect,B,global,0.8,0,1000,0.4745052631578947,0.0439993439244068
DOMINANT,indirect,B,global,0.8,1,1000,0.2044631578947368,0.0302572859478467
DOMINANT,indirect,B,global,0.8,2,1000,0.2455578947368421,0.0319420694591533
DOMINANT,indirect,B,global,0.8,3,1000,0.1818315789473684,0.0300021962365031
DOMINANT,indirect,B,global,0.8,4,1000,0.3723789473684211,0.0372093528086366
DOMINANT,indirect,B,global,0.9,0,1000,0.2582947368421052,0.0320406013534784
DOMINANT,indirect,B,global,0.9,1,1000,0.2935052631578947,0.0332254312463105
DOMINANT,indirect,B,global,0.9,2,1000,0.2376,0.0314933134221147
DOMINANT,indirect,B,global,0.9,3,1000,0.1864421052631579,0.0300717167634328
DOMINANT,indirect,B,global,0.9,4,1000,0.1417473684210526,0.0288129938118901
DOMINANT,indirect,B,global,1.0,0,1000,0.1377894736842105,0.0285677053249837
DOMINANT,indirect,B,global,1.0,1,1000,0.1659578947368421,0.029281604038347
DOMINANT,indirect,B,global,1.0,2,1000,0.1194526315789473,0.0280929314294059
DOMINANT,indirect,B,global,1.0,3,1000,0.145578947368421,0.028740053105173
DOMINANT,indirect,B,global,1.0,4,1000,0.1474105263157894,0.028796523294861
DONE,indirect,B,global,0.0,0,1000,1.0,1.0
DONE,indirect,B,global,0.0,1,1000,1.0,1.0
DONE,indirect,B,global,0.0,2,1000,1.0,1.0
DONE,indirect,B,global,0.0,3,1000,1.0,1.0
DONE,indirect,B,global,0.0,4,1000,1.0,1.0
DONE,indirect,B,global,0.1,0,1000,1.0,1.0
DONE,indirect,B,global,0.1,1,1000,1.0,1.0
DONE,indirect,B,global,0.1,2,1000,1.0,1.0
DONE,indirect,B,global,0.1,3,1000,1.0,1.0
DONE,indirect,B,global,0.1,4,1000,1.0,1.0
DONE,indirect,B,global,0.2,0,1000,0.999957894736842,0.9992078431372547
DONE,indirect,B,global,0.2,1,1000,1.0,1.0
DONE,indirect,B,global,0.2,2,1000,1.0,1.0
DONE,indirect,B,global,0.2,3,1000,1.0,1.0
DONE,indirect,B,global,0.2,4,1000,1.0,1.0
DONE,indirect,B,global,0.3,0,1000,1.0,1.0
DONE,indirect,B,global,0.3,1,1000,1.0,1.0
DONE,indirect,B,global,0.3,2,1000,1.0,1.0
DONE,indirect,B,global,0.3,3,1000,1.0,1.0
DONE,indirect,B,global,0.3,4,1000,1.0,1.0
DONE,indirect,B,global,0.4,0,1000,1.0,1.0
DONE,indirect,B,global,0.4,1,1000,1.0,1.0
DONE,indirect,B,global,0.4,2,1000,1.0,1.0
DONE,indirect,B,global,0.4,3,1000,1.0,1.0
DONE,indirect,B,global,0.4,4,1000,1.0,1.0
DONE,indirect,B,global,0.5,0,1000,1.0,1.0
DONE,indirect,B,global,0.5,1,1000,1.0,1.0
DONE,indirect,B,global,0.5,2,1000,1.0,1.0
DONE,indirect,B,global,0.5,3,1000,1.0,1.0
DONE,indirect,B,global,0.5,4,1000,1.0,1.0
DONE,indirect,B,global,0.6,0,1000,0.9992842105263158,0.9864979752306564
DONE,indirect,B,global,0.6,1,1000,1.0,1.0
DONE,indirect,B,global,0.6,2,1000,0.9998315789473684,0.9967827800727398
DONE,indirect,B,global,0.6,3,1000,1.0,1.0
DONE,indirect,B,global,0.6,4,1000,0.9998526315789472,0.9970782542372484
DONE,indirect,B,global,0.7,0,1000,1.0,1.0
DONE,indirect,B,global,0.7,1,1000,0.9998736842105262,0.997522698681693
DONE,indirect,B,global,0.7,2,1000,1.0,1.0
DONE,indirect,B,global,0.7,3,1000,1.0,1.0
DONE,indirect,B,global,0.7,4,1000,1.0,1.0
DONE,indirect,B,global,0.8,0,1000,1.0,1.0
DONE,indirect,B,global,0.8,1,1000,1.0,1.0
DONE,indirect,B,global,0.8,2,1000,1.0,1.0
DONE,indirect,B,global,0.8,3,1000,1.0,1.0
DONE,indirect,B,global,0.8,4,1000,0.999978947368421,0.9996078431372548
DONE,indirect,B,global,0.9,0,1000,1.0,1.0
DONE,indirect,B,global,0.9,1,1000,1.0,1.0
DONE,indirect,B,global,0.9,2,1000,0.9999578947368422,0.9992307692307691
DONE,indirect,B,global,0.9,3,1000,1.0,1.0
DONE,indirect,B,global,0.9,4,1000,1.0,1.0
DONE,indirect,B,global,1.0,0,1000,0.9999578947368422,0.9992307692307691
DONE,indirect,B,global,1.0,1,1000,1.0,1.0
DONE,indirect,B,global,1.0,2,1000,1.0,1.0
DONE,indirect,B,global,1.0,3,1000,0.999978947368421,0.9996078431372548
DONE,indirect,B,global,1.0,4,1000,1.0,1.0
GAE,direct,B,global,0.0,0,1000,1.0,1.0
GAE,direct,B,global,0.0,1,1000,1.0,1.0
GAE,direct,B,global,0.0,2,1000,1.0,1.0
GAE,direct,B,global,0.0,3,1000,1.0,1.0
GAE,direct,B,global,0.0,4,1000,1.0,1.0
GAE,direct,B,global,0.1,0,1000,1.0,1.0
GAE,direct,B,global,0.1,1,1000,1.0,1.0
GAE,direct,B,global,0.1,2,1000,1.0,1.0
GAE,direct,B,global,0.1,3,1000,1.0,1.0
GAE,direct,B,global,0.1,4,1000,1.0,1.0
GAE,direct,B,global,0.2,0,1000,1.0,1.0
GAE,direct,B,global,0.2,1,1000,1.0,1.0
GAE,direct,B,global,0.2,2,1000,1.0,1.0
GAE,direct,B,global,0.2,3,1000,1.0,1.0
GAE,direct,B,global,0.2,4,1000,1.0,1.0
GAE,direct,B,global,0.3,0,1000,1.0,1.0
GAE,direct,B,global,0.3,1,1000,1.0,1.0
GAE,direct,B,global,0.3,2,1000,1.0,1.0
GAE,direct,B,global,0.3,3,1000,1.0,1.0
GAE,direct,B,global,0.3,4,1000,1.0,1.0
GAE,direct,B,global,0.4,0,1000,1.0,1.0
GAE,direct,B,global,0.4,1,1000,1.0,1.0
GAE,direct,B,global,0.4,2,1000,1.0,1.0
GAE,direct,B,global,0.4,3,1000,1.0,1.0
GAE,direct,B,global,0.4,4,1000,1.0,1.0
GAE,direct,B,global,0.5,0,1000,1.0,1.0
GAE,direct,B,global,0.5,1,1000,1.0,1.0
GAE,direct,B,global,0.5,2,1000,1.0,1.0
GAE,direct,B,global,0.5,3,1000,1.0,1.0
GAE,direct,B,global,0.5,4,1000,1.0,1.0
GAE,direct,B,global,0.6,0,1000,1.0,1.0
GAE,direct,B,global,0.6,1,1000,1.0,1.0
GAE,direct,B,global,0.6,2,1000,1.0,1.0
GAE,direct,B,global,0.6,3,1000,1.0,1.0
GAE,direct,B,global,0.6,4,1000,1.0,1.0
GAE,direct,B,global,0.7,0,1000,1.0,1.0
GAE,direct,B,global,0.7,1,1000,1.0,1.0
GAE,direct,B,global,0.7,2,1000,1.0,1.0
GAE,direct,B,global,0.7,3,1000,1.0,1.0
GAE,direct,B,global,0.7,4,1000,1.0,1.0
GAE,direct,B,global,0.8,0,1000,1.0,1.0
GAE,direct,B,global,0.8,1,1000,1.0,1.0
GAE,direct,B,global,0.8,2,1000,1.0,1.0
GAE,direct,B,global,0.8,3,1000,1.0,1.0
GAE,direct,B,global,0.8,4,1000,1.0,1.0
GAE,direct,B,global,0.9,0,1000,1.0,1.0
GAE,direct,B,global,0.9,1,1000,1.0,1.0
GAE,direct,B,global,0.9,2,1000,1.0,1.0
GAE,direct,B,global,0.9,3,1000,1.0,1.0
GAE,direct,B,global,0.9,4,1000,1.0,1.0
GAE,direct,B,global,1.0,0,1000,1.0,1.0
GAE,direct,B,global,1.0,1,1000,1.0,1.0
GAE,direct,B,global,1.0,2,1000,1.0,1.0
GAE,direct,B,global,1.0,3,1000,1.0,1.0
GAE,direct,B,global,1.0,4,1000,1.0,1.0
GCAD,indirect,B,global,0.0,0,1000,0.8004421052631578,0.1906302052189554
GCAD,indirect,B,global,0.0,1,1000,0.7966105263157897,0.259876492539329
GCAD,indirect,B,global,0.0,2,1000,0.8254315789473683,0.2658689756085842
GCAD,indirect,B,global,0.0,3,1000,0.8239368421052632,0.2735803424433294
GCAD,indirect,B,global,0.0,4,1000,0.7033684210526315,0.1450822188143157
GCAD,indirect,B,global,0.1,0,1000,0.6191368421052632,0.0730885272312603
GCAD,indirect,B,global,0.1,1,1000,0.6146315789473684,0.0722411879275854
GCAD,indirect,B,global,0.1,2,1000,0.6027368421052631,0.0805312757172955
GCAD,indirect,B,global,0.1,3,1000,0.6346105263157894,0.0825429484635818
GCAD,indirect,B,global,0.1,4,1000,0.5264421052631579,0.0584277473478754
GCAD,indirect,B,global,0.2,0,1000,0.3686947368421052,0.0370550705373677
GCAD,indirect,B,global,0.2,1,1000,0.3600842105263158,0.0366303240218543
GCAD,indirect,B,global,0.2,2,1000,0.3622736842105263,0.0382066041289689
GCAD,indirect,B,global,0.2,3,1000,0.3641473684210526,0.0368029754108948
GCAD,indirect,B,global,0.2,4,1000,0.3177052631578947,0.0347838299142147
GCAD,indirect,B,global,0.3,0,1000,0.1427789473684211,0.028166648516447
GCAD,indirect,B,global,0.3,1,1000,0.1289052631578947,0.0277006615547951
GCAD,indirect,B,global,0.3,2,1000,0.1668421052631579,0.0285796421495611
GCAD,indirect,B,global,0.3,3,1000,0.1372631578947368,0.0279567615227748
GCAD,indirect,B,global,0.3,4,1000,0.1361684210526315,0.0276935907731592
GCAD,indirect,B,global,0.4,0,1000,0.0348210526315789,0.0262296588636692
GCAD,indirect,B,global,0.4,1,1000,0.0241473684210526,0.0261109864798547
GCAD,indirect,B,global,0.4,2,1000,0.0318105263157894,0.0261897667431775
GCAD,indirect,B,global,0.4,3,1000,0.0309263157894736,0.0262134004628342
GCAD,indirect,B,global,0.4,4,1000,0.0371578947368421,0.0261523449326557
GCAD,indirect,B,global,0.5,0,1000,0.0017473684210526,0.0259326858893962
GCAD,indirect,B,global,0.5,1,1000,0.0013052631578947,0.0259307222232906
GCAD,indirect,B,global,0.5,2,1000,0.0028210526315789,0.0259348807774732
GCAD,indirect,B,global,0.5,3,1000,0.0014315789473684,0.025931956180165
GCAD,indirect,B,global,0.5,4,1000,0.0038105263157894,0.0259347703629455
GCAD,indirect,B,global,0.6,0,1000,0.0,0.0259272355839443
GCAD,indirect,B,global,0.6,1,1000,0.0,0.0259272355839443
GCAD,indirect,B,global,0.6,2,1000,0.0,0.0259272355839443
GCAD,indirect,B,global,0.6,3,1000,0.0,0.0259272355839443
GCAD,indirect,B,global,0.6,4,1000,0.0,0.0259272355839443
GCAD,indirect,B,global,0.7,0,1000,0.0,0.0259272355839443
GCAD,indirect,B,global,0.7,1,1000,0.0,0.0259272355839443
GCAD,indirect,B,global,0.7,2,1000,0.0,0.0259272355839443
GCAD,indirect,B,global,0.7,3,1000,0.0,0.0259272355839443
GCAD,indirect,B,global,0.7,4,1000,0.0,0.0259272355839443
GCAD,indirect,B,global,0.8,0,1000,0.0,0.0259272355839443
GCAD,indirect,B,global,0.8,1,1000,0.0,0.0259272355839443
GCAD,indirect,B,global,0.8,2,1000,0.0,0.0259272355839443
GCAD,indirect,B,global,0.8,3,1000,0.0,0.0259272355839443
GCAD,indirect,B,global,0.8,4,1000,0.0,0.0259272355839443
GCAD,indirect,B,global,0.9,0,1000,0.0,0.0259272355839443
GCAD,indirect,B,global,0.9,1,1000,0.0,0.0259272355839443
GCAD,indirect,B,global,0.9,2,1000,0.0,0.0259272355839443
GCAD,indirect,B,global,0.9,3,1000,0.0,0.0259272355839443
GCAD,indirect,B,global,0.9,4,1000,0.0,0.0259272355839443
GCAD,indirect,B,global,1.0,0,1000,0.0,0.0259272355839443
GCAD,indirect,B,global,1.0,1,1000,0.0,0.0259655416880213
GCAD,indirect,B,global,1.0,2,1000,0.0,0.0260490189011835
GCAD,indirect,B,global,1.0,3,1000,0.0,0.0259666938820932
GCAD,indirect,B,global,1.0,4,1000,0.0,0.0259670570982986
GCAD+IDK,indirect,B,global,0.0,0,1000,0.7510315789473685,0.1373537414068367
GCAD+IDK,indirect,B,global,0.0,1,1000,0.7769263157894737,0.2222347734046793
GCAD+IDK,indirect,B,global,0.0,2,1000,0.8326105263157895,0.2953586074618698
GCAD+IDK,indirect,B,global,0.0,3,1000,0.8062842105263158,0.1788067977115773
GCAD+IDK,indirect,B,global,0.0,4,1000,0.6957263157894737,0.154342465970271
GCAD+IDK,indirect,B,global,0.1,0,1000,0.5748526315789473,0.0611896694699729
GCAD+IDK,indirect,B,global,0.1,1,1000,0.6192947368421052,0.0764468253857317
GCAD+IDK,indirect,B,global,0.1,2,1000,0.6799368421052632,0.1328075105591709
GCAD+IDK,indirect,B,global,0.1,3,1000,0.6562210526315789,0.0741640288561947
GCAD+IDK,indirect,B,global,0.1,4,1000,0.5334315789473684,0.0634063647261097
GCAD+IDK,indirect,B,global,0.2,0,1000,0.3117999999999999,0.0339018779865001
GCAD+IDK,indirect,B,global,0.2,1,1000,0.4469578947368421,0.0430522878654522
GCAD+IDK,indirect,B,global,0.2,2,1000,0.4449052631578947,0.0502415208548366
GCAD+IDK,indirect,B,global,0.2,3,1000,0.4003052631578947,0.0386517280943325
GCAD+IDK,indirect,B,global,0.2,4,1000,0.290578947368421,0.0333778083904288
GCAD+IDK,indirect,B,global,0.3,0,1000,0.1371894736842105,0.0278320044048374
GCAD+IDK,indirect,B,global,0.3,1,1000,0.206178947368421,0.0298444380957656
GCAD+IDK,indirect,B,global,0.3,2,1000,0.2338842105263158,0.0308432134426282
GCAD+IDK,indirect,B,global,0.3,3,1000,0.1737157894736841,0.0290833258261999
GCAD+IDK,indirect,B,global,0.3,4,1000,0.1404526315789473,0.027838453884279
GCAD+IDK,indirect,B,global,0.4,0,1000,0.0295894736842105,0.0261979513131432
GCAD+IDK,indirect,B,global,0.4,1,1000,0.0473894736842105,0.0263561898950085
GCAD+IDK,indirect,B,global,0.4,2,1000,0.0791578947368421,0.0267418716138338
GCAD+IDK,indirect,B,global,0.4,3,1000,0.0356315789473684,0.0263076695733837
GCAD+IDK,indirect,B,global,0.4,4,1000,0.0378947368421052,0.0262310040010703
GCAD+IDK,indirect,B,global,0.5,0,1000,0.0016631578947368,0.025934286356947
GCAD+IDK,indirect,B,global,0.5,1,1000,0.0030105263157894,0.0259478251904445
GCAD+IDK,indirect,B,global,0.5,2,1000,0.0095999999999999,0.0259693983296372
GCAD+IDK,indirect,B,global,0.5,3,1000,0.0024631578947368,0.0259812372980012
GCAD+IDK,indirect,B,global,0.5,4,1000,0.0053473684210526,0.025946385552204
GCAD+IDK,indirect,B,global,0.6,0,1000,2.105263157894832e-05,0.0259272577213066
GCAD+IDK,indirect,B,global,0.6,1,1000,0.0001052631578947,0.0259274782136363
GCAD+IDK,indirect,B,global,0.6,2,1000,0.001178947368421,0.025928918852638
GCAD+IDK,indirect,B,global,0.6,3,1000,0.0,0.0259272355839443
GCAD+IDK,indirect,B,global,0.6,4,1000,6.315789473684496e-05,0.025927368036501
GCAD+IDK,indirect,B,global,0.7,0,1000,0.0,0.0259272355839443
GCAD+IDK,indirect,B,global,0.7,1,1000,0.0,0.0259272355839443
GCAD+IDK,indirect,B,global,0.7,2,1000,0.0,0.0259674998872627
GCAD+IDK,indirect,B,global,0.7,3,1000,0.0,0.0259470392153049
GCAD+IDK,indirect,B,global,0.7,4,1000,0.0,0.0259272355839443
GCAD+IDK,indirect,B,global,0.8,0,1000,0.0,0.0259272355839443
GCAD+IDK,indirect,B,global,0.8,1,1000,0.0,0.0259272355839443
GCAD+IDK,indirect,B,global,0.8,2,1000,0.0,0.0259272355839443
GCAD+IDK,indirect,B,global,0.8,3,1000,0.0,0.0259463692902842
GCAD+IDK,indirect,B,global,0.8,4,1000,0.0,0.0259272355839443
GCAD+IDK,indirect,B,global,0.9,0,1000,0.0,0.0259272355839443
GCAD+IDK,indirect,B,global,0.9,1,1000,0.0,0.0259272355839443
GCAD+IDK,indirect,B,global,0.9,2,1000,0.0,0.0259475335148373
GCAD+IDK,indirect,B,global,0.9,3,1000,0.0,0.0259272355839443
GCAD+IDK,indirect,B,global,0.9,4,1000,0.0,0.025947242955081
GCAD+IDK,indirect,B,global,1.0,0,1000,0.0,0.0259464463257823
GCAD+IDK,indirect,B,global,1.0,1,1000,0.0,0.0259886277981206
GCAD+IDK,indirect,B,global,1.0,2,1000,0.0,0.0259661650243275
GCAD+IDK,indirect,B,global,1.0,3,1000,0.0,0.0259467591674056
GCAD+IDK,indirect,B,global,1.0,4,1000,0.0,0.0260070542704675
IDK,none,B,global,0.0,0,1000,0.6614315789473684,0.1021784957945236
IDK,none,B,global,0.0,1,1000,0.6286947368421054,0.0809728742991058
IDK,none,B,global,0.0,2,1000,0.5851684210526316,0.0681512589341593
IDK,none,B,global,0.0,3,1000,0.6100947368421052,0.0697449611062673
IDK,none,B,global,0.0,4,1000,0.4140315789473685,0.0448838474340444
IDK,none,B,global,0.1,0,1000,0.4649894736842105,0.0473182503057824
IDK,none,B,global,0.1,1,1000,0.3827684210526315,0.0380219982277377
IDK,none,B,global,0.1,2,1000,0.3824105263157894,0.0379767894886964
IDK,none,B,global,0.1,3,1000,0.3733789473684211,0.037166681809972
IDK,none,B,global,0.1,4,1000,0.2572842105263158,0.0319116502411086
IDK,none,B,global,0.2,0,1000,0.2520842105263158,0.0311383659333108
IDK,none,B,global,0.2,1,1000,0.1646,0.028456446230945
IDK,none,B,global,0.2,2,1000,0.2019789473684211,0.0295312593098617
IDK,none,B,global,0.2,3,1000,0.1888842105263158,0.029125437997631
IDK,none,B,global,0.2,4,1000,0.1294842105263157,0.0275628285872441
IDK,none,B,global,0.3,0,1000,0.0817052631578947,0.0268829810873677
IDK,none,B,global,0.3,1,1000,0.0405052631578947,0.0262765586912441
IDK,none,B,global,0.3,2,1000,0.0651368421052631,0.0266027486588082
IDK,none,B,global,0.3,3,1000,0.0542526315789473,0.0264560638846514
IDK,none,B,global,0.3,4,1000,0.0420736842105263,0.0262042046302517
IDK,none,B,global,0.4,0,1000,0.0131368421052631,0.0260605780221319
IDK,none,B,global,0.4,1,1000,0.0045263157894736,0.0259476771705859
IDK,none,B,global,0.4,2,1000,0.0164,0.0260334802904152
IDK,none,B,global,0.4,3,1000,0.0100105263157894,0.0259993092825056
IDK,none,B,global,0.4,4,1000,0.0061473684210526,0.0259547124774348
IDK,none,B,global,0.5,0,1000,0.0003578947368421,0.025927834909109
IDK,none,B,global,0.5,1,1000,0.0001263157894736,0.0259273691108917
IDK,none,B,global,0.5,2,1000,0.0013263157894736,0.0259330104081325
IDK,none,B,global,0.5,3,1000,0.0009473684210526,0.025931970199261
IDK,none,B,global,0.5,4,1000,0.0002526315789473,0.0259278970253761
IDK,none,B,global,0.6,0,1000,0.0,0.0259474916202431
IDK,none,B,global,0.6,1,1000,0.0,0.0259272355839443
IDK,none,B,global,0.6,2,1000,2.105263157894832e-05,0.0259272577213066
IDK,none,B,global,0.6,3,1000,2.105263157894832e-05,0.0259272577213066
IDK,none,B,global,0.6,4,1000,0.0,0.0259272355839443
IDK,none,B,global,0.7,0,1000,0.0,0.0259272355839443
IDK,none,B,global,0.7,1,1000,0.0,0.0259467196459815
IDK,none,B,global,0.7,2,1000,0.0,0.0259272355839443
IDK,none,B,global,0.7,3,1000,0.0,0.0259272355839443
IDK,none,B,global,0.7,4,1000,0.0,0.0259468385718523
IDK,none,B,global,0.8,0,1000,0.0,0.0259272355839443
IDK,none,B,global,0.8,1,1000,0.0,0.0259469585898965
IDK,none,B,global,0.8,2,1000,0.0,0.0259478304504028
IDK,none,B,global,0.8,3,1000,0.0,0.0259272355839443
IDK,none,B,global,0.8,4,1000,0.0,0.0259272355839443
IDK,none,B,global,0.9,0,1000,0.0,0.0259272355839443
IDK,none,B,global,0.9,1,1000,0.0,0.0259272355839443
IDK,none,B,global,0.9,2,1000,0.0,0.0259675419119643
IDK,none,B,global,0.9,3,1000,0.0,0.0259272355839443
IDK,none,B,global,0.9,4,1000,0.0,0.0259481339496921
IDK,none,B,global,1.0,0,1000,0.0,0.05
IDK,none,B,global,1.0,1,1000,0.0,0.05
IDK,none,B,global,1.0,2,1000,0.0,0.05
IDK,none,B,global,1.0,3,1000,0.0,0.05
IDK,none,B,global,1.0,4,1000,0.0,0.05
LOF,none,B,global,0.0,0,1000,0.8981473684210527,0.3694394881934506
LOF,none,B,global,0.0,1,1000,0.8993473684210527,0.467622272759795
LOF,none,B,global,0.0,2,1000,0.937557894736842,0.5560670796806476
LOF,none,B,global,0.0,3,1000,0.9253473684210526,0.5837254629627346
LOF,none,B,global,0.0,4,1000,0.8318736842105263,0.3599650418121483
LOF,none,B,global,0.1,0,1000,0.7328736842105263,0.1199366657274917
LOF,none,B,global,0.1,1,1000,0.7418736842105264,0.1517404463224078
LOF,none,B,global,0.1,2,1000,0.804821052631579,0.2312379976553649
LOF,none,B,global,0.1,3,1000,0.7830526315789472,0.2378238067923478
LOF,none,B,global,0.1,4,1000,0.6208210526315789,0.1279195288782711
LOF,none,B,global,0.2,0,1000,0.3754421052631579,0.0398151995031542
LOF,none,B,global,0.2,1,1000,0.3811263157894736,0.0401513833720573
LOF,none,B,global,0.2,2,1000,0.4280631578947368,0.0508974448189126
LOF,none,B,global,0.2,3,1000,0.4176947368421052,0.0505609392147508
LOF,none,B,global,0.2,4,1000,0.3035368421052631,0.0386577866890436
LOF,none,B,global,0.3,0,1000,0.0533473684210526,0.0263176046541364
LOF,none,B,global,0.3,1,1000,0.0591578947368421,0.0263103438769627
LOF,none,B,global,0.3,2,1000,0.1042736842105263,0.027139250899321
LOF,none,B,global,0.3,3,1000,0.111178947368421,0.0271712657103842
LOF,none,B,global,0.3,4,1000,0.0940631578947368,0.0268393131705613
LOF,none,B,global,0.4,0,1000,0.001178947368421,0.0259321690765846
LOF,none,B,global,0.4,1,1000,0.0022105263157894,0.0259299629841841
LOF,none,B,global,0.4,2,1000,0.009178947368421,0.0259474537515147
LOF,none,B,global,0.4,3,1000,0.0077052631578947,0.0259455626949578
LOF,none,B,global,0.4,4,1000,0.0104631578947368,0.0259722351125003
LOF,none,B,global,0.5,0,1000,0.0002526315789473,0.0259277670701995
LOF,none,B,global,0.5,1,1000,0.0,0.0259272355839443
LOF,none,B,global,0.5,2,1000,0.0006315789473684,0.0259283715080041
LOF,none,B,global,0.5,3,1000,0.0001684210526315,0.0259275017000136
LOF,none,B,global,0.5,4,1000,0.001978947368421,0.0259339284401714
LOF,none,B,global,0.6,0,1000,6.315789473684274e-05,0.0259273021361412
LOF,none,B,global,0.6,1,1000,0.0,0.0259272355839443
LOF,none,B,global,0.6,2,1000,0.0002105263157894,0.025927656056514
LOF,none,B,global,0.6,3,1000,0.0001473684210526,0.0259274572383773
LOF,none,B,global,0.6,4,1000,0.0027368421052631,0.0259364975323841
LOF,none,B,global,0.7,0,1000,0.0,0.0259272355839443
LOF,none,B,global,0.7,1,1000,0.0,0.0259272355839443
LOF,none,B,global,0.7,2,1000,0.0002315789473684,0.025927546821937
LOF,none,B,global,0.7,3,1000,0.0002105263157894,0.0259278302859717
LOF,none,B,global,0.7,4,1000,0.0015368421052631,0.0259322017333125
LOF,none,B,global,0.8,0,1000,0.0,0.0259272355839443
LOF,none,B,global,0.8,1,1000,0.0,0.0259272355839443
LOF,none,B,global,0.8,2,1000,2.105263157894832e-05,0.0259272577213066
LOF,none,B,global,0.8,3,1000,4.210526315789664e-05,0.0259273019030172
LOF,none,B,global,0.8,4,1000,0.0,0.0259272355839443
LOF,none,B,global,0.9,0,1000,0.0,0.0259272355839443
LOF,none,B,global,0.9,1,1000,0.0,0.0259272355839443
LOF,none,B,global,0.9,2,1000,0.0,0.0259272355839443
LOF,none,B,global,0.9,3,1000,0.0,0.0259272355839443
LOF,none,B,global,0.9,4,1000,0.0,0.0259272355839443
LOF,none,B,global,1.0,0,1000,0.0,0.05
LOF,none,B,global,1.0,1,1000,0.0,0.05
LOF,none,B,global,1.0,2,1000,0.0,0.05
LOF,none,B,global,1.0,3,1000,0.0,0.05
LOF,none,B,global,1.0,4,1000,0.0,0.05
ONE,indirect,B,global,0.0,0,1000,0.541936842105263,0.0948974883016573
ONE,indirect,B,global,0.0,1,1000,0.5283157894736842,0.0537788107063885
ONE,indirect,B,global,0.0,2,1000,0.4547157894736842,0.0442548706718261
ONE,indirect,B,global,0.0,3,1000,0.4349473684210526,0.0431690586317958
ONE,indirect,B,global,0.0,4,1000,0.5052842105263158,0.0552127804407341
ONE,indirect,B,global,0.1,0,1000,0.4708210526315789,0.0579164789741943
ONE,indirect,B,global,0.1,1,1000,0.5075368421052632,0.0565911966400309
ONE,indirect,B,global,0.1,2,1000,0.4763578947368421,0.0545529782965025
ONE,indirect,B,global,0.1,3,1000,0.5100421052631579,0.052130549647202
ONE,indirect,B,global,0.1,4,1000,0.4447578947368421,0.0461153747465709
ONE,indirect,B,global,0.2,0,1000,0.5313263157894736,0.0563745988143249
ONE,indirect,B,global,0.2,1,1000,0.4170947368421053,0.0421872999574311
ONE,indirect,B,global,0.2,2,1000,0.5107789473684211,0.0544849427120422
ONE,indirect,B,global,0.2,3,1000,0.5646736842105263,0.0617372999472131
ONE,indirect,B,global,0.2,4,1000,0.5951368421052631,0.1032526822827321
ONE,indirect,B,global,0.3,0,1000,0.4201052631578947,0.0437863899003788
ONE,indirect,B,global,0.3,1,1000,0.4090736842105263,0.0426366262097459
ONE,indirect,B,global,0.3,2,1000,0.5477894736842105,0.0762992602187877
ONE,indirect,B,global,0.3,3,1000,0.5252842105263158,0.049835956081558
ONE,indirect,B,global,0.3,4,1000,0.4781052631578947,0.0635517399730009
ONE,indirect,B,global,0.4,0,1000,0.4530526315789474,0.0863909682652989
ONE,indirect,B,global,0.4,1,1000,0.5721052631578947,0.0655120099905637
ONE,indirect,B,global,0.4,2,1000,0.4904421052631579,0.0581692326688223
ONE,indirect,B,global,0.4,3,1000,0.5464210526315789,0.0606661827384239
ONE,indirect,B,global,0.4,4,1000,0.496757894736842,0.0580664056251063
ONE,indirect,B,global,0.5,0,1000,0.5355157894736842,0.0807894686338135
ONE,indirect,B,global,0.5,1,1000,0.5054105263157895,0.051161756320661
ONE,indirect,B,global,0.5,2,1000,0.5110315789473685,0.0511535189660405
ONE,indirect,B,global,0.5,3,1000,0.4002105263157894,0.0400339447091293
ONE,indirect,B,global,0.5,4,1000,0.3798526315789473,0.039706320164385
ONE,indirect,B,global,0.6,0,1000,0.4671789473684211,0.0502937797433207
ONE,indirect,B,global,0.6,1,1000,0.4828631578947368,0.0484553339758904
ONE,indirect,B,global,0.6,2,1000,0.4667368421052631,0.0453495474167463
ONE,indirect,B,global,0.6,3,1000,0.5048421052631579,0.0542458227533885
ONE,indirect,B,global,0.6,4,1000,0.4599157894736843,0.0465164497269534
ONE,indirect,B,global,0.7,0,1000,0.4622947368421052,0.0522132491636887
ONE,indirect,B,global,0.7,1,1000,0.5033473684210525,0.0531960271331431
ONE,indirect,B,global,0.7,2,1000,0.4614315789473684,0.0493879006722276
ONE,indirect,B,global,0.7,3,1000,0.4571578947368421,0.0583633640161941
ONE,indirect,B,global,0.7,4,1000,0.5335157894736842,0.0511847048247195
ONE,indirect,B,global,0.8,0,1000,0.4023368421052632,0.0404821136568308
ONE,indirect,B,global,0.8,1,1000,0.4372,0.0514453043505559
ONE,indirect,B,global,0.8,2,1000,0.439978947368421,0.0502430506640023
ONE,indirect,B,global,0.8,3,1000,0.5140421052631579,0.0556128953788399
ONE,indirect,B,global,0.8,4,1000,0.4828,0.0518550889314539
ONE,indirect,B,global,0.9,0,1000,0.4773684210526315,0.0500626808493059
ONE,indirect,B,global,0.9,1,1000,0.5819157894736842,0.0746525774215536
ONE,indirect,B,global,0.9,2,1000,0.544,0.0540918783436186
ONE,indirect,B,global,0.9,3,1000,0.452021052631579,0.0499205443902901
ONE,indirect,B,global,0.9,4,1000,0.4972842105263158,0.0486263464593064
ONE,indirect,B,global,1.0,0,1000,0.4228631578947368,0.0492011860283387
ONE,indirect,B,global,1.0,1,1000,0.4105894736842105,0.0406363834124976
ONE,indirect,B,global,1.0,2,1000,0.4527368421052631,0.043637432852181
ONE,indirect,B,global,1.0,3,1000,0.4582315789473684,0.0475434835998345
ONE,indirect,B,global,1.0,4,1000,0.4540842105263157,0.0481447770064036
Radar,indirect,B,global,0.0,0,1000,0.3735157894736842,0.0395920812727946
Radar,indirect,B,global,0.0,1,1000,0.5542947368421053,0.0535543032890039
Radar,indirect,B,global,0.0,2,1000,0.4886947368421053,0.0468724629744648
Radar,indirect,B,global,0.0,3,1000,0.4128,0.0414839832145983
Radar,indirect,B,global,0.0,4,1000,0.4659578947368421,0.0453458959505371
Radar,indirect,B,global,0.1,0,1000,0.3757263157894737,0.0396998373505997
Radar,indirect,B,global,0.1,1,1000,0.5594736842105263,0.0541212813900728
Radar,indirect,B,global,0.1,2,1000,0.4880631578947368,0.0467918424899408
Radar,indirect,B,global,0.1,3,1000,0.4161368421052631,0.0416105265730992
Radar,indirect,B,global,0.1,4,1000,0.4637052631578947,0.0451151814978351
Radar,indirect,B,global,0.2,0,1000,0.3782315789473684,0.0398240133070313
Radar,indirect,B,global,0.2,1,1000,0.5617052631578947,0.0543566922301171
Radar,indirect,B,global,0.2,2,1000,0.4854842105263158,0.0465354336449705
Radar,indirect,B,global,0.2,3,1000,0.4187473684210526,0.0418519366688504
Radar,indirect,B,global,0.2,4,1000,0.4637894736842105,0.0450790713828315
Radar,indirect,B,global,0.3,0,1000,0.3805473684210526,0.0399481152281629
Radar,indirect,B,global,0.3,1,1000,0.5592842105263158,0.0540641822518507
Radar,indirect,B,global,0.3,2,1000,0.4818315789473684,0.0462374401143496
Radar,indirect,B,global,0.3,3,1000,0.4189263157894737,0.0421263298704073
Radar,indirect,B,global,0.3,4,1000,0.4656421052631578,0.0451657541486921
Radar,indirect,B,global,0.4,0,1000,0.3817263157894737,0.0400855192047445
Radar,indirect,B,global,0.4,1,1000,0.5536,0.0537326498293483
Radar,indirect,B,global,0.4,2,1000,0.4793052631578947,0.0461634577989791
Radar,indirect,B,global,0.4,3,1000,0.4170210526315789,0.0421748228327274
Radar,indirect,B,global,0.4,4,1000,0.4686526315789474,0.0455648884009191
Radar,indirect,B,global,0.5,0,1000,0.3805052631578947,0.040108832919127
Radar,indirect,B,global,0.5,1,1000,0.5442842105263158,0.0530903596898932
Radar,indirect,B,global,0.5,2,1000,0.4783263157894737,0.0462706629695136
Radar,indirect,B,global,0.5,3,1000,0.4142526315789474,0.0420643975987212
Radar,indirect,B,global,0.5,4,1000,0.4741894736842105,0.0462431010490569
Radar,indirect,B,global,0.6,0,1000,0.3785052631578947,0.0400367220723906
Radar,indirect,B,global,0.6,1,1000,0.5361473684210527,0.0522346062560345
Radar,indirect,B,global,0.6,2,1000,0.479178947368421,0.0463772071394979
Radar,indirect,B,global,0.6,3,1000,0.4103578947368421,0.0417978372978798
Radar,indirect,B,global,0.6,4,1000,0.4791368421052631,0.0466496892519379
Radar,indirect,B,global,0.7,0,1000,0.3767368421052631,0.0399124878423719
Radar,indirect,B,global,0.7,1,1000,0.5381473684210527,0.0522891798929041
Radar,indirect,B,global,0.7,2,1000,0.4773368421052631,0.0461882949373689
Radar,indirect,B,global,0.7,3,1000,0.4112631578947368,0.0418675685992553
Radar,indirect,B,global,0.7,4,1000,0.4791157894736842,0.0466239924338142
Radar,indirect,B,global,0.8,0,1000,0.3769263157894736,0.0399424691306257
Radar,indirect,B,global,0.8,1,1000,0.5510105263157894,0.0536138191106362
Radar,indirect,B,global,0.8,2,1000,0.477578947368421,0.0461827613840716
Radar,indirect,B,global,0.8,3,1000,0.4167157894736842,0.0422321663679361
Radar,indirect,B,global,0.8,4,1000,0.4776842105263158,0.0465603578830244
Radar,indirect,B,global,0.9,0,1000,0.3806736842105263,0.0400950835645897
Radar,indirect,B,global,0.9,1,1000,0.5394105263157895,0.0524064447636781
Radar,indirect,B,global,0.9,2,1000,0.4766105263157895,0.0460538283347444
Radar,indirect,B,global,0.9,3,1000,0.4186315789473683,0.0423731876276169
Radar,indirect,B,global,0.9,4,1000,0.4822736842105263,0.0468821142504294
Radar,indirect,B,global,1.0,0,1000,0.3655578947368421,0.039225772642409
Radar,indirect,B,global,1.0,1,1000,0.4806947368421053,0.0465634215346795
Radar,indirect,B,global,1.0,2,1000,0.4404210526315789,0.0434952925655822
Radar,indirect,B,global,1.0,3,1000,0.3576842105263158,0.0385854013011184
Radar,indirect,B,global,1.0,4,1000,0.4357684210526316,0.0432744379603415
iForest,none,B,global,0.0,0,1000,0.7200421052631578,0.137173852657665
iForest,none,B,global,0.0,1,1000,0.6310526315789474,0.0878065286517742
iForest,none,B,global,0.0,2,1000,0.5893473684210526,0.0724964272744589
iForest,none,B,global,0.0,3,1000,0.6664000000000001,0.1199366621455885
iForest,none,B,global,0.0,4,1000,0.5084210526315789,0.066986567540769
iForest,none,B,global,0.1,0,1000,0.496778947368421,0.0492622606613944
iForest,none,B,global,0.1,1,1000,0.4261894736842105,0.0418026981212977
iForest,none,B,global,0.1,2,1000,0.3617894736842105,0.0385309533308296
iForest,none,B,global,0.1,3,1000,0.468378947368421,0.0504599610339721
iForest,none,B,global,0.1,4,1000,0.296421052631579,0.0348203613025893
iForest,none,B,global,0.2,0,1000,0.2692210526315789,0.0318818295313915
iForest,none,B,global,0.2,1,1000,0.2169684210526315,0.0299576021642432
iForest,none,B,global,0.2,2,1000,0.1812842105263158,0.0289390641528902
iForest,none,B,global,0.2,3,1000,0.205178947368421,0.0295269736077509
iForest,none,B,global,0.2,4,1000,0.1380210526315789,0.0277601211757628
iForest,none,B,global,0.3,0,1000,0.0666105263157894,0.0266719426117347
iForest,none,B,global,0.3,1,1000,0.0524631578947368,0.0264699893068513
iForest,none,B,global,0.3,2,1000,0.0696842105263157,0.0266669803956869
iForest,none,B,global,0.3,3,1000,0.0659157894736842,0.0265583378883825
iForest,none,B,global,0.3,4,1000,0.0421473684210526,0.026226093909254
iForest,none,B,global,0.4,0,1000,0.0126105263157894,0.0260111752888134
iForest,none,B,global,0.4,1,1000,0.0070105263157894,0.025979418026539
iForest,none,B,global,0.4,2,1000,0.0122105263157894,0.0260161083428641
iForest,none,B,global,0.4,3,1000,0.0085894736842105,0.0259731199349958
iForest,none,B,global,0.4,4,1000,0.0067368421052631,0.0259502746659988
iForest,none,B,global,0.5,0,1000,0.0003157894736842,0.0259280748137189
iForest,none,B,global,0.5,1,1000,0.0003157894736842,0.0259286151752458
iForest,none,B,global,0.5,2,1000,0.0009473684210526,0.0259291119744038
iForest,none,B,global,0.5,3,1000,0.0004210526315789,0.0259283177890856
iForest,none,B,global,0.5,4,1000,0.0002526315789473,0.0259275043442538
iForest,none,B,global,0.6,0,1000,0.0,0.0259272355839443
iForest,none,B,global,0.6,1,1000,0.0,0.0259272355839443
iForest,none,B,global,0.6,2,1000,0.0,0.0259272355839443
iForest,none,B,global,0.6,3,1000,0.0,0.0259272355839443
iForest,none,B,global,0.6,4,1000,0.0,0.0259272355839443
iForest,none,B,global,0.7,0,1000,0.0,0.0259272355839443
iForest,none,B,global,0.7,1,1000,0.0,0.0259272355839443
iForest,none,B,global,0.7,2,1000,0.0,0.0259272355839443
iForest,none,B,global,0.7,3,1000,0.0,0.0259272355839443
iForest,none,B,global,0.7,4,1000,0.0,0.0259272355839443
iForest,none,B,global,0.8,0,1000,0.0,0.0259272355839443
iForest,none,B,global,0.8,1,1000,0.0,0.0259272355839443
iForest,none,B,global,0.8,2,1000,0.0,0.0259272355839443
iForest,none,B,global,0.8,3,1000,0.0,0.0259272355839443
iForest,none,B,global,0.8,4,1000,0.0,0.0259272355839443
iForest,none,B,global,0.9,0,1000,0.0,0.0259272355839443
iForest,none,B,global,0.9,1,1000,0.0,0.0259272355839443
iForest,none,B,global,0.9,2,1000,0.0,0.0259272355839443
iForest,none,B,global,0.9,3,1000,0.0,0.0259272355839443
iForest,none,B,global,0.9,4,1000,0.0,0.0259272355839443
iForest,none,B,global,1.0,0,1000,0.0,0.05
iForest,none,B,global,1.0,1,1000,0.0,0.05
iForest,none,B,global,1.0,2,1000,0.0,0.05
iForest,none,B,global,1.0,3,1000,0.0,0.05
iForest,none,B,global,1.0,4,1000,0.0,0.05
AnomalyDAE,indirect,B,local,0.0,0,1000,0.7188842105263158,0.116038234978114
AnomalyDAE,indirect,B,local,0.0,1,1000,0.6957263157894736,0.1096666903860329
AnomalyDAE,indirect,B,local,0.0,2,1000,0.7659789473684211,0.1431327134327114
AnomalyDAE,indirect,B,local,0.0,3,1000,0.6720631578947368,0.0782740076814694
AnomalyDAE,indirect,B,local,0.0,4,1000,0.6553684210526316,0.0698240259301372
AnomalyDAE,indirect,B,local,0.1,0,1000,0.6687578947368421,0.08467911679614
AnomalyDAE,indirect,B,local,0.1,1,1000,0.6938105263157895,0.0957384536466019
AnomalyDAE,indirect,B,local,0.1,2,1000,0.6387157894736842,0.0812912831815164
AnomalyDAE,indirect,B,local,0.1,3,1000,0.4599157894736842,0.045414600295108
AnomalyDAE,indirect,B,local,0.1,4,1000,0.5203578947368421,0.0512532298593707
AnomalyDAE,indirect,B,local,0.2,0,1000,0.4124842105263158,0.0399144296533111
AnomalyDAE,indirect,B,local,0.2,1,1000,0.4034315789473683,0.039090288940856
AnomalyDAE,indirect,B,local,0.2,2,1000,0.3915578947368421,0.0384544680975262
AnomalyDAE,indirect,B,local,0.2,3,1000,0.3909684210526316,0.0387055443921385
AnomalyDAE,indirect,B,local,0.2,4,1000,0.2753684210526315,0.0324266049079168
AnomalyDAE,indirect,B,local,0.3,0,1000,0.1967578947368421,0.0293378021498877
AnomalyDAE,indirect,B,local,0.3,1,1000,0.1645473684210526,0.0284806270581296
AnomalyDAE,indirect,B,local,0.3,2,1000,0.1888210526315789,0.0292283435312411
AnomalyDAE,indirect,B,local,0.3,3,1000,0.2694736842105263,0.0319097185652061
AnomalyDAE,indirect,B,local,0.3,4,1000,0.1713052631578947,0.0286916086441642
AnomalyDAE,indirect,B,local,0.4,0,1000,0.0489473684210526,0.0263518890468656
AnomalyDAE,indirect,B,local,0.4,1,1000,0.1037473684210526,0.0273233392454848
AnomalyDAE,indirect,B,local,0.4,2,1000,0.1462736842105263,0.0280481732580622
AnomalyDAE,indirect,B,local,0.4,3,1000,0.0573052631578947,0.0264711575240706
AnomalyDAE,indirect,B,local,0.4,4,1000,0.1116,0.0272784694033116
AnomalyDAE,indirect,B,local,0.5,0,1000,0.1370736842105263,0.0277051546218785
AnomalyDAE,indirect,B,local,0.5,1,1000,0.0577684210526315,0.026521734662085
AnomalyDAE,indirect,B,local,0.5,2,1000,0.0554105263157894,0.0265835042896363
AnomalyDAE,indirect,B,local,0.5,3,1000,0.0661052631578947,0.0265954102849457
AnomalyDAE,indirect,B,local,0.5,4,1000,0.0736842105263158,0.0267915400828596
AnomalyDAE,indirect,B,local,0.6,0,1000,0.0345263157894737,0.0261298232493916
AnomalyDAE,indirect,B,local,0.6,1,1000,0.0524842105263158,0.0266634750100302
AnomalyDAE,indirect,B,local,0.6,2,1000,0.0201894736842105,0.0261346919192453
AnomalyDAE,indirect,B,local,0.6,3,1000,0.054,0.0264598169335507
AnomalyDAE,indirect,B,local,0.6,4,1000,0.0182526315789473,0.0260636167597445
AnomalyDAE,indirect,B,local,0.7,0,1000,0.0832421052631579,0.0267494277611388
AnomalyDAE,indirect,B,local,0.7,1,1000,0.0400210526315789,0.0264114736924116
AnomalyDAE,indirect,B,local,0.7,2,1000,0.0227157894736842,0.0261501236909946
AnomalyDAE,indirect,B,local,0.7,3,1000,0.0786315789473684,0.0271420439804704
AnomalyDAE,indirect,B,local,0.7,4,1000,0.0983157894736842,0.0268438993764307
AnomalyDAE,indirect,B,local,0.8,0,1000,0.0620631578947368,0.0267132670256466
AnomalyDAE,indirect,B,local,0.8,1,1000,0.037978947368421,0.0263027821846346
AnomalyDAE,indirect,B,local,0.8,2,1000,0.0175578947368421,0.0260538060649637
AnomalyDAE,indirect,B,local,0.8,3,1000,0.0388842105263157,0.0262233741022262
AnomalyDAE,indirect,B,local,0.8,4,1000,0.0979578947368421,0.0270233452354014
AnomalyDAE,indirect,B,local,0.9,0,1000,0.1413894736842105,0.0278661619526283
AnomalyDAE,indirect,B,local,0.9,1,1000,0.1640631578947368,0.0283846513911103
AnomalyDAE,indirect,B,local,0.9,2,1000,0.0371368421052631,0.0263605944738695
AnomalyDAE,indirect,B,local,0.9,3,1000,0.1155368421052631,0.0275578557736719
AnomalyDAE,indirect,B,local,0.9,4,1000,0.1585473684210526,0.0282387714386048
AnomalyDAE,indirect,B,local,1.0,0,1000,0.1293052631578947,0.0275221579132002
AnomalyDAE,indirect,B,local,1.0,1,1000,0.2305473684210526,0.0306453584470364
AnomalyDAE,indirect,B,local,1.0,2,1000,0.1636210526315789,0.0285587833858969
AnomalyDAE,indirect,B,local,1.0,3,1000,0.2622105263157895,0.0548517512891413
AnomalyDAE,indirect,B,local,1.0,4,1000,0.1311999999999999,0.0277555910115911
CoLA,indirect,B,local,0.0,0,1000,0.5456842105263158,0.0519170240497749
CoLA,indirect,B,local,0.0,1,1000,0.4718736842105263,0.0439621279106259
CoLA,indirect,B,local,0.0,2,1000,0.4299157894736842,0.0410494356641757
CoLA,indirect,B,local,0.0,3,1000,0.5387368421052632,0.0499566748547327
CoLA,indirect,B,local,0.0,4,1000,0.4538947368421052,0.0428596666000053
CoLA,indirect,B,local,0.1,0,1000,0.6301894736842105,0.0622236327766037
CoLA,indirect,B,local,0.1,1,1000,0.5483157894736842,0.0554403613557198
CoLA,indirect,B,local,0.1,2,1000,0.5787368421052632,0.05681945610533
CoLA,indirect,B,local,0.1,3,1000,0.4383157894736842,0.0412147234934608
CoLA,indirect,B,local,0.1,4,1000,0.5290736842105263,0.0497612771665717
CoLA,indirect,B,local,0.2,0,1000,0.6415578947368421,0.0650180079254222
CoLA,indirect,B,local,0.2,1,1000,0.5901684210526317,0.0582626768610993
CoLA,indirect,B,local,0.2,2,1000,0.6258105263157894,0.0679718702156145
CoLA,indirect,B,local,0.2,3,1000,0.5502736842105264,0.054325671320467
CoLA,indirect,B,local,0.2,4,1000,0.578421052631579,0.0549953521530344
CoLA,indirect,B,local,0.3,0,1000,0.5127157894736842,0.047598774290563
CoLA,indirect,B,local,0.3,1,1000,0.6921894736842105,0.0939430076694376
CoLA,indirect,B,local,0.3,2,1000,0.573642105263158,0.0560336785969835
CoLA,indirect,B,local,0.3,3,1000,0.5986526315789473,0.0577630645221256
CoLA,indirect,B,local,0.3,4,1000,0.6043052631578948,0.060038484523006
CoLA,indirect,B,local,0.4,0,1000,0.6173473684210526,0.0650085872754628
CoLA,indirect,B,local,0.4,1,1000,0.6645263157894736,0.0686790467101745
CoLA,indirect,B,local,0.4,2,1000,0.5606947368421052,0.0539447749044467
CoLA,indirect,B,local,0.4,3,1000,0.6490315789473684,0.0678011138194903
CoLA,indirect,B,local,0.4,4,1000,0.6422105263157895,0.0662025391783709
CoLA,indirect,B,local,0.5,0,1000,0.6978947368421052,0.0774926621386896
CoLA,indirect,B,local,0.5,1,1000,0.7521684210526316,0.0930817953397516
CoLA,indirect,B,local,0.5,2,1000,0.6054315789473683,0.0586417292277101
CoLA,indirect,B,local,0.5,3,1000,0.7448842105263158,0.0947853758041711
CoLA,indirect,B,local,0.5,4,1000,0.6235578947368421,0.0835273907808928
CoLA,indirect,B,local,0.6,0,1000,0.7461052631578947,0.104260226016156
CoLA,indirect,B,local,0.6,1,1000,0.7710315789473685,0.1379672785136461
CoLA,indirect,B,local,0.6,2,1000,0.7429263157894737,0.0896666723979616
CoLA,indirect,B,local,0.6,3,1000,0.6561473684210526,0.0674020555780061
CoLA,indirect,B,local,0.6,4,1000,0.6800631578947369,0.0718825160870231
CoLA,indirect,B,local,0.7,0,1000,0.781557894736842,0.1174259779834649
CoLA,indirect,B,local,0.7,1,1000,0.8196631578947369,0.1602740789731442
CoLA,indirect,B,local,0.7,2,1000,0.7432105263157895,0.1031750111597409
CoLA,indirect,B,local,0.7,3,1000,0.8055157894736842,0.1237828246872736
CoLA,indirect,B,local,0.7,4,1000,0.8011368421052631,0.1334316155080011
CoLA,indirect,B,local,0.8,0,1000,0.8440000000000001,0.1621107751525158
CoLA,indirect,B,local,0.8,1,1000,0.8751578947368421,0.2401509271722548
CoLA,indirect,B,local,0.8,2,1000,0.8150105263157895,0.1446773003006308
CoLA,indirect,B,local,0.8,3,1000,0.8298105263157894,0.1505819842249224
CoLA,indirect,B,local,0.8,4,1000,0.8416210526315789,0.1704165330085892
CoLA,indirect,B,local,0.9,0,1000,0.8732421052631578,0.2557077553614863
CoLA,indirect,B,local,0.9,1,1000,0.8694105263157895,0.1917238140933476
CoLA,indirect,B,local,0.9,2,1000,0.885957894736842,0.2959138832510504
CoLA,indirect,B,local,0.9,3,1000,0.8598736842105263,0.2159089327180456
CoLA,indirect,B,local,0.9,4,1000,0.8708210526315789,0.1954032170693519
CoLA,indirect,B,local,1.0,0,1000,0.8959684210526315,0.2645827402547355
CoLA,indirect,B,local,1.0,1,1000,0.9133894736842104,0.3229676920576289
CoLA,indirect,B,local,1.0,2,1000,0.8992842105263158,0.2542413823814065
CoLA,indirect,B,local,1.0,3,1000,0.8642526315789474,0.1748905470935124
CoLA,indirect,B,local,1.0,4,1000,0.8695578947368422,0.1999233965311279
DOMINANT,indirect,B,local,0.0,0,1000,0.999978947368421,0.9996078431372548
DOMINANT,indirect,B,local,0.0,1,1000,1.0,1.0
DOMINANT,indirect,B,local,0.0,2,1000,0.9993684210526316,0.9925
DOMINANT,indirect,B,local,0.0,3,1000,1.0,1.0
DOMINANT,indirect,B,local,0.0,4,1000,0.9999368421052632,0.998867924528302
DOMINANT,indirect,B,local,0.1,0,1000,0.9997894736842106,0.9965491525423728
DOMINANT,indirect,B,local,0.1,1,1000,0.9973684210526316,0.9621556777340492
DOMINANT,indirect,B,local,0.1,2,1000,0.9990315789473684,0.9904166666666666
DOMINANT,indirect,B,local,0.1,3,1000,0.9993894736842106,0.9921788497217068
DOMINANT,indirect,B,local,0.1,4,1000,0.999957894736842,0.9992078431372547
DOMINANT,indirect,B,local,0.2,0,1000,0.999242105263158,0.9871165784158766
DOMINANT,indirect,B,local,0.2,1,1000,0.9998526315789472,0.9973059151091496
DOMINANT,indirect,B,local,0.2,2,1000,0.9974736842105264,0.9773547769020884
DOMINANT,indirect,B,local,0.2,3,1000,0.997642105263158,0.9747996716955112
DOMINANT,indirect,B,local,0.2,4,1000,0.9988631578947368,0.9776032018855842
DOMINANT,indirect,B,local,0.3,0,1000,0.9963157894736844,0.948599677704314
DOMINANT,indirect,B,local,0.3,1,1000,0.9934947368421052,0.9166358248565434
DOMINANT,indirect,B,local,0.3,2,1000,0.9897684210526316,0.8924832883606248
DOMINANT,indirect,B,local,0.3,3,1000,0.9961263157894736,0.9493618822497112
DOMINANT,indirect,B,local,0.3,4,1000,0.9967157894736842,0.9468532835351764
DOMINANT,indirect,B,local,0.4,0,1000,0.9881263157894736,0.8320373239544663
DOMINANT,indirect,B,local,0.4,1,1000,0.978042105263158,0.7472724948459601
DOMINANT,indirect,B,local,0.4,2,1000,0.9818105263157896,0.7673421537463575
DOMINANT,indirect,B,local,0.4,3,1000,0.9944631578947368,0.9255906381337452
DOMINANT,indirect,B,local,0.4,4,1000,0.981957894736842,0.7555313259678776
DOMINANT,indirect,B,local,0.5,0,1000,0.9912,0.8720907320350167
DOMINANT,indirect,B,local,0.5,1,1000,0.9820421052631578,0.7162392555127437
DOMINANT,indirect,B,local,0.5,2,1000,0.9771157894736842,0.6400356249721575
DOMINANT,indirect,B,local,0.5,3,1000,0.9717052631578946,0.6957026141669507
DOMINANT,indirect,B,local,0.5,4,1000,0.9849052631578948,0.7738665502493333
DOMINANT,indirect,B,local,0.6,0,1000,0.963557894736842,0.6505920727366944
DOMINANT,indirect,B,local,0.6,1,1000,0.9501473684210526,0.5677706457098399
DOMINANT,indirect,B,local,0.6,2,1000,0.9656631578947368,0.595945098579077
DOMINANT,indirect,B,local,0.6,3,1000,0.9553052631578948,0.5409878141009065
DOMINANT,indirect,B,local,0.6,4,1000,0.9643157894736842,0.6096757931113228
DOMINANT,indirect,B,local,0.7,0,1000,0.9094736842105264,0.4842127388245441
DOMINANT,indirect,B,local,0.7,1,1000,0.9609052631578948,0.6157465856090854
DOMINANT,indirect,B,local,0.7,2,1000,0.9662947368421052,0.5302491730046809
DOMINANT,indirect,B,local,0.7,3,1000,0.960442105263158,0.5924945769284413
DOMINANT,indirect,B,local,0.7,4,1000,0.9621473684210524,0.5090925012373527
DOMINANT,indirect,B,local,0.8,0,1000,0.9571894736842104,0.5800109291955188
DOMINANT,indirect,B,local,0.8,1,1000,0.9861052631578948,0.7733318924551771
DOMINANT,indirect,B,local,0.8,2,1000,0.9860421052631578,0.716471524556558
DOMINANT,indirect,B,local,0.8,3,1000,0.986778947368421,0.7665341932886034
DOMINANT,indirect,B,local,0.8,4,1000,0.9747789473684212,0.6781740341820834
DOMINANT,indirect,B,local,0.9,0,1000,0.9865263157894736,0.7770490357212504
DOMINANT,indirect,B,local,0.9,1,1000,0.9672631578947368,0.6354228688249759
DOMINANT,indirect,B,local,0.9,2,1000,0.9913052631578948,0.855678816664885
DOMINANT,indirect,B,local,0.9,3,1000,0.962336842105263,0.6064408498404266
DOMINANT,indirect,B,local,0.9,4,1000,0.9833894736842106,0.7167683934741402
DOMINANT,indirect,B,local,1.0,0,1000,0.9522105263157896,0.6634817616845496
DOMINANT,indirect,B,local,1.0,1,1000,0.9808421052631578,0.7581265224709293
DOMINANT,indirect,B,local,1.0,2,1000,0.9911789473684208,0.8463028258525305
DOMINANT,indirect,B,local,1.0,3,1000,0.9977263157894736,0.959573094059142
DOMINANT,indirect,B,local,1.0,4,1000,0.9958947368421052,0.8994946056712556
DONE,indirect,B,local,0.0,0,1000,1.0,1.0
DONE,indirect,B,local,0.0,1,1000,1.0,1.0
DONE,indirect,B,local,0.0,2,1000,1.0,1.0
DONE,indirect,B,local,0.0,3,1000,1.0,1.0
DONE,indirect,B,local,0.0,4,1000,1.0,1.0
DONE,indirect,B,local,0.1,0,1000,1.0,1.0
DONE,indirect,B,local,0.1,1,1000,1.0,1.0
DONE,indirect,B,local,0.1,2,1000,1.0,1.0
DONE,indirect,B,local,0.1,3,1000,1.0,1.0
DONE,indirect,B,local,0.1,4,1000,1.0,1.0
DONE,indirect,B,local,0.2,0,1000,1.0,1.0
DONE,indirect,B,local,0.2,1,1000,1.0,1.0
DONE,indirect,B,local,0.2,2,1000,1.0,1.0
DONE,indirect,B,local,0.2,3,1000,0.9998947368421052,0.9979574812903884
DONE,indirect,B,local,0.2,4,1000,1.0,1.0
DONE,indirect,B,local,0.3,0,1000,1.0,1.0
DONE,indirect,B,local,0.3,1,1000,1.0,1.0
DONE,indirect,B,local,0.3,2,1000,1.0,1.0
DONE,indirect,B,local,0.3,3,1000,1.0,1.0
DONE,indirect,B,local,0.3,4,1000,1.0,1.0
DONE,indirect,B,local,0.4,0,1000,1.0,1.0
DONE,indirect,B,local,0.4,1,1000,1.0,1.0
DONE,indirect,B,local,0.4,2,1000,1.0,1.0
DONE,indirect,B,local,0.4,3,1000,1.0,1.0
DONE,indirect,B,local,0.4,4,1000,1.0,1.0
DONE,indirect,B,local,0.5,0,1000,1.0,1.0
DONE,indirect,B,local,0.5,1,1000,0.999978947368421,0.9996078431372548
DONE,indirect,B,local,0.5,2,1000,1.0,1.0
DONE,indirect,B,local,0.5,3,1000,1.0,1.0
DONE,indirect,B,local,0.5,4,1000,1.0,1.0
DONE,indirect,B,local,0.6,0,1000,1.0,1.0
DONE,indirect,B,local,0.6,1,1000,1.0,1.0
DONE,indirect,B,local,0.6,2,1000,1.0,1.0
DONE,indirect,B,local,0.6,3,1000,1.0,1.0
DONE,indirect,B,local,0.6,4,1000,0.999957894736842,0.9992078431372547
DONE,indirect,B,local,0.7,0,1000,1.0,1.0
DONE,indirect,B,local,0.7,1,1000,1.0,1.0
DONE,indirect,B,local,0.7,2,1000,1.0,1.0
DONE,indirect,B,local,0.7,3,1000,1.0,1.0
DONE,indirect,B,local,0.7,4,1000,0.9999368421052632,0.9987996798719488
DONE,indirect,B,local,0.8,0,1000,1.0,1.0
DONE,indirect,B,local,0.8,1,1000,1.0,1.0
DONE,indirect,B,local,0.8,2,1000,0.9997894736842105,0.9960718797928954
DONE,indirect,B,local,0.8,3,1000,1.0,1.0
DONE,indirect,B,local,0.8,4,1000,1.0,1.0
DONE,indirect,B,local,0.9,0,1000,0.9999578947368422,0.9992307692307691
DONE,indirect,B,local,0.9,1,1000,1.0,1.0
DONE,indirect,B,local,0.9,2,1000,0.9999578947368422,0.9992307692307691
DONE,indirect,B,local,0.9,3,1000,1.0,1.0
DONE,indirect,B,local,0.9,4,1000,0.9999578947368422,0.9992307692307691
DONE,indirect,B,local,1.0,0,1000,0.999978947368421,0.9996078431372548
DONE,indirect,B,local,1.0,1,1000,1.0,1.0
DONE,indirect,B,local,1.0,2,1000,1.0,1.0
DONE,indirect,B,local,1.0,3,1000,1.0,1.0
DONE,indirect,B,local,1.0,4,1000,0.9999578947368422,0.9992307692307691
GAE,direct,B,local,0.0,0,1000,1.0,1.0
GAE,direct,B,local,0.0,1,1000,1.0,1.0
GAE,direct,B,local,0.0,2,1000,1.0,1.0
GAE,direct,B,local,0.0,3,1000,1.0,1.0
GAE,direct,B,local,0.0,4,1000,1.0,1.0
GAE,direct,B,local,0.1,0,1000,1.0,1.0
GAE,direct,B,local,0.1,1,1000,1.0,1.0
GAE,direct,B,local,0.1,2,1000,1.0,1.0
GAE,direct,B,local,0.1,3,1000,1.0,1.0
GAE,direct,B,local,0.1,4,1000,1.0,1.0
GAE,direct,B,local,0.2,0,1000,1.0,1.0
GAE,direct,B,local,0.2,1,1000,1.0,1.0
GAE,direct,B,local,0.2,2,1000,1.0,1.0
GAE,direct,B,local,0.2,3,1000,1.0,1.0
GAE,direct,B,local,0.2,4,1000,1.0,1.0
GAE,direct,B,local,0.3,0,1000,1.0,1.0
GAE,direct,B,local,0.3,1,1000,1.0,1.0
GAE,direct,B,local,0.3,2,1000,1.0,1.0
GAE,direct,B,local,0.3,3,1000,1.0,1.0
GAE,direct,B,local,0.3,4,1000,1.0,1.0
GAE,direct,B,local,0.4,0,1000,1.0,1.0
GAE,direct,B,local,0.4,1,1000,1.0,1.0
GAE,direct,B,local,0.4,2,1000,1.0,1.0
GAE,direct,B,local,0.4,3,1000,1.0,1.0
GAE,direct,B,local,0.4,4,1000,1.0,1.0
GAE,direct,B,local,0.5,0,1000,1.0,1.0
GAE,direct,B,local,0.5,1,1000,1.0,1.0
GAE,direct,B,local,0.5,2,1000,1.0,1.0
GAE,direct,B,local,0.5,3,1000,1.0,1.0
GAE,direct,B,local,0.5,4,1000,1.0,1.0
GAE,direct,B,local,0.6,0,1000,1.0,1.0
GAE,direct,B,local,0.6,1,1000,1.0,1.0
GAE,direct,B,local,0.6,2,1000,1.0,1.0
GAE,direct,B,local,0.6,3,1000,1.0,1.0
GAE,direct,B,local,0.6,4,1000,1.0,1.0
GAE,direct,B,local,0.7,0,1000,1.0,1.0
GAE,direct,B,local,0.7,1,1000,1.0,1.0
GAE,direct,B,local,0.7,2,1000,1.0,1.0
GAE,direct,B,local,0.7,3,1000,1.0,1.0
GAE,direct,B,local,0.7,4,1000,1.0,1.0
GAE,direct,B,local,0.8,0,1000,1.0,1.0
GAE,direct,B,local,0.8,1,1000,1.0,1.0
GAE,direct,B,local,0.8,2,1000,1.0,1.0
GAE,direct,B,local,0.8,3,1000,1.0,1.0
GAE,direct,B,local,0.8,4,1000,1.0,1.0
GAE,direct,B,local,0.9,0,1000,1.0,1.0
GAE,direct,B,local,0.9,1,1000,1.0,1.0
GAE,direct,B,local,0.9,2,1000,1.0,1.0
GAE,direct,B,local,0.9,3,1000,1.0,1.0
GAE,direct,B,local,0.9,4,1000,1.0,1.0
GAE,direct,B,local,1.0,0,1000,1.0,1.0
GAE,direct,B,local,1.0,1,1000,1.0,1.0
GAE,direct,B,local,1.0,2,1000,1.0,1.0
GAE,direct,B,local,1.0,3,1000,1.0,1.0
GAE,direct,B,local,1.0,4,1000,1.0,1.0
GCAD,indirect,B,local,0.0,0,1000,0.8004421052631578,0.1906302052189554
GCAD,indirect,B,local,0.0,1,1000,0.7966105263157897,0.259876492539329
GCAD,indirect,B,local,0.0,2,1000,0.8254315789473683,0.2658689756085842
GCAD,indirect,B,local,0.0,3,1000,0.8239368421052632,0.2735803424433294
GCAD,indirect,B,local,0.0,4,1000,0.7033684210526315,0.1450822188143157
GCAD,indirect,B,local,0.1,0,1000,0.6214105263157894,0.0742893397458876
GCAD,indirect,B,local,0.1,1,1000,0.5999368421052631,0.0716480393487745
GCAD,indirect,B,local,0.1,2,1000,0.6129052631578947,0.0817176856609087
GCAD,indirect,B,local,0.1,3,1000,0.6231157894736842,0.0785439442821651
GCAD,indirect,B,local,0.1,4,1000,0.5208842105263158,0.0586449122141287
GCAD,indirect,B,local,0.2,0,1000,0.4057263157894737,0.0396970468257066
GCAD,indirect,B,local,0.2,1,1000,0.3464210526315789,0.035894472619495
GCAD,indirect,B,local,0.2,2,1000,0.3905894736842105,0.0401165649139866
GCAD,indirect,B,local,0.2,3,1000,0.4000421052631578,0.038852446902161
GCAD,indirect,B,local,0.2,4,1000,0.3505263157894737,0.0379335071263228
GCAD,indirect,B,local,0.3,0,1000,0.2057473684210526,0.0296653330557135
GCAD,indirect,B,local,0.3,1,1000,0.1714736842105263,0.0286817946710048
GCAD,indirect,B,local,0.3,2,1000,0.1812,0.0290202557101734
GCAD,indirect,B,local,0.3,3,1000,0.184378947368421,0.0291656578787452
GCAD,indirect,B,local,0.3,4,1000,0.1789894736842105,0.0289048252933791
GCAD,indirect,B,local,0.4,0,1000,0.0776210526315789,0.0268051159101661
GCAD,indirect,B,local,0.4,1,1000,0.0521052631578947,0.0265324237066773
GCAD,indirect,B,local,0.4,2,1000,0.0618947368421052,0.0265981695415574
GCAD,indirect,B,local,0.4,3,1000,0.0679368421052631,0.0266955899204625
GCAD,indirect,B,local,0.4,4,1000,0.0862947368421052,0.026849634974276
GCAD,indirect,B,local,0.5,0,1000,0.0182736842105263,0.0260591053546069
GCAD,indirect,B,local,0.5,1,1000,0.0111578947368421,0.026024279293315
GCAD,indirect,B,local,0.5,2,1000,0.0138315789473684,0.0260677278617432
GCAD,indirect,B,local,0.5,3,1000,0.0220842105263157,0.0261098797726966
GCAD,indirect,B,local,0.5,4,1000,0.0226947368421052,0.0260865683788191
GCAD,indirect,B,local,0.6,0,1000,0.0030315789473684,0.0259421708169901
GCAD,indirect,B,local,0.6,1,1000,0.0022947368421052,0.0259455036460821
GCAD,indirect,B,local,0.6,2,1000,0.0021473684210526,0.0259361959703937
GCAD,indirect,B,local,0.6,3,1000,0.0031999999999999,0.0259465660203608
GCAD,indirect,B,local,0.6,4,1000,0.0042947368421052,0.0259465668015661
GCAD,indirect,B,local,0.7,0,1000,0.0003578947368421,0.0259290538932913
GCAD,indirect,B,local,0.7,1,1000,0.0002315789473684,0.0259276999624129
GCAD,indirect,B,local,0.7,2,1000,0.0003368421052631,0.025927921443792
GCAD,indirect,B,local,0.7,3,1000,0.0005052631578947,0.0259293616069457
GCAD,indirect,B,local,0.7,4,1000,0.0025473684210526,0.0259334682608224
GCAD,indirect,B,local,0.8,0,1000,0.0,0.0259272355839443
GCAD,indirect,B,local,0.8,1,1000,6.315789473684274e-05,0.0259273240870336
GCAD,indirect,B,local,0.8,2,1000,0.0,0.0259272355839443
GCAD,indirect,B,local,0.8,3,1000,0.0001263157894736,0.0259274347291037
GCAD,indirect,B,local,0.8,4,1000,0.0021473684210526,0.0259335329473313
GCAD,indirect,B,local,0.9,0,1000,0.0,0.0259272355839443
GCAD,indirect,B,local,0.9,1,1000,0.0,0.0259272355839443
GCAD,indirect,B,local,0.9,2,1000,0.0,0.0259272355839443
GCAD,indirect,B,local,0.9,3,1000,0.0005473684210526,0.0259286935929301
GCAD,indirect,B,local,0.9,4,1000,0.0010105263157894,0.0259315184831664
GCAD,indirect,B,local,1.0,0,1000,0.0,0.0259272355839443
GCAD,indirect,B,local,1.0,1,1000,0.0001684210526315,0.0260242761322372
GCAD,indirect,B,local,1.0,2,1000,0.0,0.0259466409622981
GCAD,indirect,B,local,1.0,3,1000,0.0013684210526315,0.0259335089380931
GCAD,indirect,B,local,1.0,4,1000,0.0022736842105263,0.0259791142686673
GCAD+IDK,indirect,B,local,0.0,0,1000,0.7510315789473685,0.1373537414068367
GCAD+IDK,indirect,B,local,0.0,1,1000,0.7769263157894737,0.2222347734046793
GCAD+IDK,indirect,B,local,0.0,2,1000,0.8326105263157895,0.2953586074618698
GCAD+IDK,indirect,B,local,0.0,3,1000,0.8062842105263158,0.1788067977115773
GCAD+IDK,indirect,B,local,0.0,4,1000,0.6957263157894737,0.154342465970271
GCAD+IDK,indirect,B,local,0.1,0,1000,0.5751473684210526,0.0631803081170673
GCAD+IDK,indirect,B,local,0.1,1,1000,0.6320631578947369,0.0790590174658631
GCAD+IDK,indirect,B,local,0.1,2,1000,0.6700736842105263,0.1316087903918305
GCAD+IDK,indirect,B,local,0.1,3,1000,0.6383894736842106,0.0695334571444298
GCAD+IDK,indirect,B,local,0.1,4,1000,0.5358736842105263,0.0664303289777787
GCAD+IDK,indirect,B,local,0.2,0,1000,0.3601473684210526,0.0366504394587885
GCAD+IDK,indirect,B,local,0.2,1,1000,0.479157894736842,0.0475707143466282
GCAD+IDK,indirect,B,local,0.2,2,1000,0.4522421052631579,0.0459344399801509
GCAD+IDK,indirect,B,local,0.2,3,1000,0.4104842105263158,0.0392495057670358
GCAD+IDK,indirect,B,local,0.2,4,1000,0.3334,0.0352064126531209
GCAD+IDK,indirect,B,local,0.3,0,1000,0.1842421052631579,0.0289036273467307
GCAD+IDK,indirect,B,local,0.3,1,1000,0.2574210526315789,0.0313442749108989
GCAD+IDK,indirect,B,local,0.3,2,1000,0.2518,0.031415244256035
GCAD+IDK,indirect,B,local,0.3,3,1000,0.2117473684210526,0.0300980001110696
GCAD+IDK,indirect,B,local,0.3,4,1000,0.1688421052631579,0.0285493426611524
GCAD+IDK,indirect,B,local,0.4,0,1000,0.0837157894736842,0.0268047143570042
GCAD+IDK,indirect,B,local,0.4,1,1000,0.1117157894736842,0.0273420296095183
GCAD+IDK,indirect,B,local,0.4,2,1000,0.1287684210526316,0.0277796971036231
GCAD+IDK,indirect,B,local,0.4,3,1000,0.086178947368421,0.027049945869591
GCAD+IDK,indirect,B,local,0.4,4,1000,0.0734105263157894,0.026688303994962
GCAD+IDK,indirect,B,local,0.5,0,1000,0.0245157894736842,0.0261004977431028
GCAD+IDK,indirect,B,local,0.5,1,1000,0.0324105263157894,0.0262386427796957
GCAD+IDK,indirect,B,local,0.5,2,1000,0.0513052631578947,0.0264904225301748
GCAD+IDK,indirect,B,local,0.5,3,1000,0.0358736842105263,0.0262769100932609
GCAD+IDK,indirect,B,local,0.5,4,1000,0.0253263157894736,0.02613646091873
GCAD+IDK,indirect,B,local,0.6,0,1000,0.0056210526315789,0.0259792480874851
GCAD+IDK,indirect,B,local,0.6,1,1000,0.0141578947368421,0.0260466670451364
GCAD+IDK,indirect,B,local,0.6,2,1000,0.0162947368421052,0.0260605339940722
GCAD+IDK,indirect,B,local,0.6,3,1000,0.0127052631578947,0.0260334264956505
GCAD+IDK,indirect,B,local,0.6,4,1000,0.0148526315789473,0.0260103634166377
GCAD+IDK,indirect,B,local,0.7,0,1000,0.0009052631578947,0.02593027292779
GCAD+IDK,indirect,B,local,0.7,1,1000,0.0081263157894737,0.0259908228746534
GCAD+IDK,indirect,B,local,0.7,2,1000,0.0083368421052631,0.0259973685461038
GCAD+IDK,indirect,B,local,0.7,3,1000,0.0086947368421052,0.0259767713400934
GCAD+IDK,indirect,B,local,0.7,4,1000,0.0094736842105263,0.0259763191428264
GCAD+IDK,indirect,B,local,0.8,0,1000,0.0003368421052631,0.0259494921906054
GCAD+IDK,indirect,B,local,0.8,1,1000,0.0067473684210526,0.025981637578237
GCAD+IDK,indirect,B,local,0.8,2,1000,0.0060315789473684,0.0259961105969277
GCAD+IDK,indirect,B,local,0.8,3,1000,0.0043578947368421,0.0259529692267943
GCAD+IDK,indirect,B,local,0.8,4,1000,0.0072210526315789,0.0259729764911788
GCAD+IDK,indirect,B,local,0.9,0,1000,0.0003578947368421,0.0259302062299449
GCAD+IDK,indirect,B,local,0.9,1,1000,0.0135684210526315,0.0260744944763673
GCAD+IDK,indirect,B,local,0.9,2,1000,0.0076,0.0260409724840837
GCAD+IDK,indirect,B,local,0.9,3,1000,0.0052,0.0259754384969867
GCAD+IDK,indirect,B,local,0.9,4,1000,0.0074210526315789,0.0259882139599399
GCAD+IDK,indirect,B,local,1.0,0,1000,0.000778947368421,0.0259357729306476
GCAD+IDK,indirect,B,local,1.0,1,1000,0.0500526315789473,0.0266310416966493
GCAD+IDK,indirect,B,local,1.0,2,1000,0.0189263157894736,0.0263050886801701
GCAD+IDK,indirect,B,local,1.0,3,1000,0.0151473684210526,0.0261908420974379
GCAD+IDK,indirect,B,local,1.0,4,1000,0.0212736842105263,0.0261395539795797
IDK,none,B,local,0.0,0,1000,0.6614315789473684,0.1021784957945236
IDK,none,B,local,0.0,1,1000,0.6286947368421054,0.0809728742991058
IDK,none,B,local,0.0,2,1000,0.5851684210526316,0.0681512589341593
IDK,none,B,local,0.0,3,1000,0.6100947368421052,0.0697449611062673
IDK,none,B,local,0.0,4,1000,0.4140315789473685,0.0448838474340444
IDK,none,B,local,0.1,0,1000,0.482757894736842,0.0510612246724895
IDK,none,B,local,0.1,1,1000,0.3793368421052631,0.0378360772003724
IDK,none,B,local,0.1,2,1000,0.3730105263157894,0.0375250022943344
IDK,none,B,local,0.1,3,1000,0.3661894736842105,0.0367146909642989
IDK,none,B,local,0.1,4,1000,0.2533894736842105,0.0316009792880121
IDK,none,B,local,0.2,0,1000,0.2641473684210526,0.0317007038640085
IDK,none,B,local,0.2,1,1000,0.1759157894736842,0.0287346453818537
IDK,none,B,local,0.2,2,1000,0.1940315789473684,0.0293816593731884
IDK,none,B,local,0.2,3,1000,0.2016315789473684,0.0295187991462143
IDK,none,B,local,0.2,4,1000,0.1245052631578947,0.0276993898695332
IDK,none,B,local,0.3,0,1000,0.1124315789473684,0.0273050685659332
IDK,none,B,local,0.3,1,1000,0.0661473684210526,0.0265821517432444
IDK,none,B,local,0.3,2,1000,0.0629263157894736,0.0266290761639371
IDK,none,B,local,0.3,3,1000,0.0645684210526316,0.0265972702577404
IDK,none,B,local,0.3,4,1000,0.0634631578947368,0.0264728299945656
IDK,none,B,local,0.4,0,1000,0.0369473684210526,0.0262044058889057
IDK,none,B,local,0.4,1,1000,0.0115368421052631,0.0260120972282012
IDK,none,B,local,0.4,2,1000,0.0194315789473684,0.0261145104873851
IDK,none,B,local,0.4,3,1000,0.0178315789473684,0.0260794457016553
IDK,none,B,local,0.4,4,1000,0.0164631578947368,0.0259955483098514
IDK,none,B,local,0.5,0,1000,0.0078315789473684,0.0259609321873604
IDK,none,B,local,0.5,1,1000,0.0016631578947368,0.0259351535673486
IDK,none,B,local,0.5,2,1000,0.0047578947368421,0.0259541349877364
IDK,none,B,local,0.5,3,1000,0.0034736842105263,0.0259546952470713
IDK,none,B,local,0.5,4,1000,0.0029684210526315,0.0259357474628453
IDK,none,B,local,0.6,0,1000,0.0004421052631578,0.0259281869446285
IDK,none,B,local,0.6,1,1000,0.0001473684210526,0.025927501094093
IDK,none,B,local,0.6,2,1000,0.0007157894736842,0.0259304056905071
IDK,none,B,local,0.6,3,1000,0.0005894736842105,0.0259324014895446
IDK,none,B,local,0.6,4,1000,0.0010105263157894,0.0259287293087123
IDK,none,B,local,0.7,0,1000,0.0,0.0259272355839443
IDK,none,B,local,0.7,1,1000,0.0,0.0259272355839443
IDK,none,B,local,0.7,2,1000,6.315789473684496e-05,0.025927368036501
IDK,none,B,local,0.7,3,1000,0.0001263157894736,0.025947869863669
IDK,none,B,local,0.7,4,1000,0.0001263157894736,0.0259273691108917
IDK,none,B,local,0.8,0,1000,0.0,0.0259272355839443
IDK,none,B,local,0.8,1,1000,0.0,0.025947242955081
IDK,none,B,local,0.8,2,1000,0.0,0.0259272355839443
IDK,none,B,local,0.8,3,1000,0.0,0.0259272355839443
IDK,none,B,local,0.8,4,1000,2.105263157894832e-05,0.0259272577213066
IDK,none,B,local,0.9,0,1000,0.0,0.0259466802444405
IDK,none,B,local,0.9,1,1000,0.0,0.025947242955081
IDK,none,B,local,0.9,2,1000,0.0,0.025946998840929
IDK,none,B,local,0.9,3,1000,0.0,0.0259272355839443
IDK,none,B,local,0.9,4,1000,0.0,0.0259272355839443
IDK,none,B,local,1.0,0,1000,0.0,0.0339721833682756
IDK,none,B,local,1.0,1,1000,0.0003157894736842,0.0337474795277653
IDK,none,B,local,1.0,2,1000,0.0,0.0338215387677913
IDK,none,B,local,1.0,3,1000,0.0,0.0341443827716895
IDK,none,B,local,1.0,4,1000,0.0,0.0337426421704673
LOF,none,B,local,0.0,0,1000,0.8981473684210527,0.3694394881934506
LOF,none,B,local,0.0,1,1000,0.8993473684210527,0.467622272759795
LOF,none,B,local,0.0,2,1000,0.937557894736842,0.5560670796806476
LOF,none,B,local,0.0,3,1000,0.9253473684210526,0.5837254629627346
LOF,none,B,local,0.0,4,1000,0.8318736842105263,0.3599650418121483
LOF,none,B,local,0.1,0,1000,0.7321894736842105,0.1194258089132543
LOF,none,B,local,0.1,1,1000,0.738178947368421,0.1416309376226559
LOF,none,B,local,0.1,2,1000,0.8036736842105263,0.2330226291395842
LOF,none,B,local,0.1,3,1000,0.7821052631578947,0.2389373428355179
LOF,none,B,local,0.1,4,1000,0.6185684210526317,0.1257087052015835
LOF,none,B,local,0.2,0,1000,0.3716,0.0394772872885515
LOF,none,B,local,0.2,1,1000,0.3740842105263157,0.0396919299663627
LOF,none,B,local,0.2,2,1000,0.4396842105263159,0.0511399409422268
LOF,none,B,local,0.2,3,1000,0.4163473684210526,0.0494172951474143
LOF,none,B,local,0.2,4,1000,0.3078947368421052,0.0384127197638153
LOF,none,B,local,0.3,0,1000,0.0567157894736842,0.0263359322736809
LOF,none,B,local,0.3,1,1000,0.0609263157894736,0.0263213720848424
LOF,none,B,local,0.3,2,1000,0.1018315789473684,0.0270505404686724
LOF,none,B,local,0.3,3,1000,0.1056,0.0270293867880454
LOF,none,B,local,0.3,4,1000,0.0880842105263157,0.0267264713669519
LOF,none,B,local,0.4,0,1000,0.0043578947368421,0.025954889738986
LOF,none,B,local,0.4,1,1000,0.0015578947368421,0.0259314565141768
LOF,none,B,local,0.4,2,1000,0.0066736842105263,0.0259460877559787
LOF,none,B,local,0.4,3,1000,0.0037263157894736,0.0259375568455052
LOF,none,B,local,0.4,4,1000,0.0090105263157894,0.0259769724709184
LOF,none,B,local,0.5,0,1000,0.0022315789473684,0.0259446016019494
LOF,none,B,local,0.5,1,1000,0.0004,0.0259287297182207
LOF,none,B,local,0.5,2,1000,0.0005263157894736,0.0259292366038987
LOF,none,B,local,0.5,3,1000,0.0001263157894736,0.0259274349606092
LOF,none,B,local,0.5,4,1000,0.0026526315789473,0.0259437631874232
LOF,none,B,local,0.6,0,1000,0.0016,0.0259449252807637
LOF,none,B,local,0.6,1,1000,0.0002947368421052,0.0259279864502978
LOF,none,B,local,0.6,2,1000,0.0002105263157894,0.0259279829832128
LOF,none,B,local,0.6,3,1000,6.315789473684274e-05,0.0259273240870336
LOF,none,B,local,0.6,4,1000,0.0013263157894736,0.0259358084470252
LOF,none,B,local,0.7,0,1000,0.0012421052631579,0.0259427430288067
LOF,none,B,local,0.7,1,1000,0.0001052631578947,0.0259274124513355
LOF,none,B,local,0.7,2,1000,0.0,0.0259272355839443
LOF,none,B,local,0.7,3,1000,2.105263157894832e-05,0.0259272577213066
LOF,none,B,local,0.7,4,1000,0.0012210526315789,0.0259335109388107
LOF,none,B,local,0.8,0,1000,0.0005052631578947,0.0259308222346853
LOF,none,B,local,0.8,1,1000,0.0026526315789473,0.0259551256525392
LOF,none,B,local,0.8,2,1000,0.0020210526315789,0.0259607659981421
LOF,none,B,local,0.8,3,1000,0.0012842105263158,0.0259373627439399
LOF,none,B,local,0.8,4,1000,0.0077473684210526,0.0260052943478543
LOF,none,B,local,0.9,0,1000,0.0037052631578947,0.0259598695824296
LOF,none,B,local,0.9,1,1000,0.0197052631578947,0.0261855477873922
LOF,none,B,local,0.9,2,1000,0.0454105263157894,0.0268157142308558
LOF,none,B,local,0.9,3,1000,0.0290947368421052,0.0263845944513116
LOF,none,B,local,0.9,4,1000,0.0226315789473684,0.0262062047626016
LOF,none,B,local,1.0,0,1000,0.1013684210526315,0.0369054367319625
LOF,none,B,local,1.0,1,1000,0.0676842105263158,0.0359481527894438
LOF,none,B,local,1.0,2,1000,0.0548631578947368,0.0356037772973173
LOF,none,B,local,1.0,3,1000,0.0513052631578947,0.0359766915126199
LOF,none,B,local,1.0,4,1000,0.1039368421052631,0.0373311374272308
ONE,indirect,B,local,0.0,0,1000,0.4874526315789473,0.0467923837829576
ONE,indirect,B,local,0.0,1,1000,0.459957894736842,0.0448532541662513
ONE,indirect,B,local,0.0,2,1000,0.539978947368421,0.0543203040115004
ONE,indirect,B,local,0.0,3,1000,0.4416421052631579,0.0437265751131151
ONE,indirect,B,local,0.0,4,1000,0.4753052631578947,0.055368120443884
ONE,indirect,B,local,0.1,0,1000,0.5363578947368421,0.0534945034881247
ONE,indirect,B,local,0.1,1,1000,0.609957894736842,0.0951383710508574
ONE,indirect,B,local,0.1,2,1000,0.5502526315789473,0.0662603981254952
ONE,indirect,B,local,0.1,3,1000,0.5265684210526316,0.0516056816208429
ONE,indirect,B,local,0.1,4,1000,0.4900210526315789,0.0761924686084859
ONE,indirect,B,local,0.2,0,1000,0.5080631578947368,0.0579950900860035
ONE,indirect,B,local,0.2,1,1000,0.4441052631578947,0.0447550267181024
ONE,indirect,B,local,0.2,2,1000,0.5421894736842106,0.0716895927903561
ONE,indirect,B,local,0.2,3,1000,0.5129684210526315,0.0497548787520257
ONE,indirect,B,local,0.2,4,1000,0.4279157894736842,0.0462771393238754
ONE,indirect,B,local,0.3,0,1000,0.4723368421052631,0.0581129758920015
ONE,indirect,B,local,0.3,1,1000,0.4773052631578947,0.0544922390195453
ONE,indirect,B,local,0.3,2,1000,0.4931578947368421,0.0517160408050897
ONE,indirect,B,local,0.3,3,1000,0.5132,0.0517783379396084
ONE,indirect,B,local,0.3,4,1000,0.4944421052631579,0.0502249280735077
ONE,indirect,B,local,0.4,0,1000,0.4983578947368421,0.0506139065465694
ONE,indirect,B,local,0.4,1,1000,0.4704210526315789,0.0449603956216311
ONE,indirect,B,local,0.4,2,1000,0.5674526315789473,0.0686467490673553
ONE,indirect,B,local,0.4,3,1000,0.4364210526315789,0.0446525348571745
ONE,indirect,B,local,0.4,4,1000,0.4635578947368421,0.047296053534609
ONE,indirect,B,local,0.5,0,1000,0.4708421052631579,0.0484831147316116
ONE,indirect,B,local,0.5,1,1000,0.5084,0.0569448311639063
ONE,indirect,B,local,0.5,2,1000,0.5010315789473685,0.0515195312256701
ONE,indirect,B,local,0.5,3,1000,0.4385473684210527,0.042738394877407
ONE,indirect,B,local,0.5,4,1000,0.4956842105263157,0.0550298838516097
ONE,indirect,B,local,0.6,0,1000,0.4758315789473684,0.0490227120198634
ONE,indirect,B,local,0.6,1,1000,0.5143789473684209,0.0555775612569646
ONE,indirect,B,local,0.6,2,1000,0.5100210526315789,0.0503469590206446
ONE,indirect,B,local,0.6,3,1000,0.425178947368421,0.0419219267461248
ONE,indirect,B,local,0.6,4,1000,0.4480631578947369,0.0455479741253518
ONE,indirect,B,local,0.7,0,1000,0.4682947368421052,0.0485610806021658
ONE,indirect,B,local,0.7,1,1000,0.5641894736842105,0.0714238594329183
ONE,indirect,B,local,0.7,2,1000,0.4581052631578948,0.0453777152791374
ONE,indirect,B,local,0.7,3,1000,0.495178947368421,0.0531822236944556
ONE,indirect,B,local,0.7,4,1000,0.4414526315789474,0.0469171050126475
ONE,indirect,B,local,0.8,0,1000,0.4500210526315789,0.0477552728584537
ONE,indirect,B,local,0.8,1,1000,0.4765684210526316,0.0486743054379402
ONE,indirect,B,local,0.8,2,1000,0.5310947368421053,0.0540464922570814
ONE,indirect,B,local,0.8,3,1000,0.5061473684210527,0.0702316041341648
ONE,indirect,B,local,0.8,4,1000,0.4946947368421053,0.0664473697499311
ONE,indirect,B,local,0.9,0,1000,0.4608842105263158,0.0457221977041275
ONE,indirect,B,local,0.9,1,1000,0.4545473684210526,0.0446823505865219
ONE,indirect,B,local,0.9,2,1000,0.4466736842105263,0.0438564244995736
ONE,indirect,B,local,0.9,3,1000,0.4868,0.0484980892578945
ONE,indirect,B,local,0.9,4,1000,0.4814526315789474,0.0499235946115267
ONE,indirect,B,local,1.0,0,1000,0.4727157894736842,0.0681758357110926
ONE,indirect,B,local,1.0,1,1000,0.5330736842105264,0.0645944335728935
ONE,indirect,B,local,1.0,2,1000,0.4513473684210526,0.0440820389506833
ONE,indirect,B,local,1.0,3,1000,0.5294736842105263,0.0616245637811984
ONE,indirect,B,local,1.0,4,1000,0.5315157894736842,0.063877098316512
Radar,indirect,B,local,0.0,0,1000,0.3735157894736842,0.0395920812727946
Radar,indirect,B,local,0.0,1,1000,0.5542947368421053,0.0535543032890039
Radar,indirect,B,local,0.0,2,1000,0.4886947368421053,0.0468724629744648
Radar,indirect,B,local,0.0,3,1000,0.4128,0.0414839832145983
Radar,indirect,B,local,0.0,4,1000,0.4659578947368421,0.0453458959505371
Radar,indirect,B,local,0.1,0,1000,0.3748,0.0396781937354459
Radar,indirect,B,local,0.1,1,1000,0.5616631578947369,0.0543579631944097
Radar,indirect,B,local,0.1,2,1000,0.4857473684210526,0.0465678449193659
Radar,indirect,B,local,0.1,3,1000,0.4158526315789473,0.0416325463411266
Radar,indirect,B,local,0.1,4,1000,0.4639684210526316,0.0452174303767889
Radar,indirect,B,local,0.2,0,1000,0.3760631578947368,0.0397596906869219
Radar,indirect,B,local,0.2,1,1000,0.5661263157894737,0.0549113763607941
Radar,indirect,B,local,0.2,2,1000,0.4846105263157895,0.0464068731342808
Radar,indirect,B,local,0.2,3,1000,0.4192421052631579,0.0419993256189227
Radar,indirect,B,local,0.2,4,1000,0.4626421052631579,0.0452300141199895
Radar,indirect,B,local,0.3,0,1000,0.3766105263157895,0.0398406369604132
Radar,indirect,B,local,0.3,1,1000,0.5612736842105264,0.0542697716495178
Radar,indirect,B,local,0.3,2,1000,0.4883368421052632,0.0469285058516055
Radar,indirect,B,local,0.3,3,1000,0.4177894736842105,0.0420269815121404
Radar,indirect,B,local,0.3,4,1000,0.463221052631579,0.0451819555127194
Radar,indirect,B,local,0.4,0,1000,0.3782526315789473,0.0399632703261605
Radar,indirect,B,local,0.4,1,1000,0.5504842105263158,0.053389009164642
Radar,indirect,B,local,0.4,2,1000,0.4860421052631579,0.0466846886679853
Radar,indirect,B,local,0.4,3,1000,0.4185999999999999,0.0421117416816891
Radar,indirect,B,local,0.4,4,1000,0.465778947368421,0.0453803990065876
Radar,indirect,B,local,0.5,0,1000,0.379578947368421,0.0399284609309102
Radar,indirect,B,local,0.5,1,1000,0.5458947368421052,0.053079991333597
Radar,indirect,B,local,0.5,2,1000,0.4821263157894737,0.0464530782398595
Radar,indirect,B,local,0.5,3,1000,0.418578947368421,0.0420980540616834
Radar,indirect,B,local,0.5,4,1000,0.4684421052631579,0.0456342642529669
Radar,indirect,B,local,0.6,0,1000,0.3804421052631579,0.0400208583527282
Radar,indirect,B,local,0.6,1,1000,0.5434210526315789,0.0528285390813754
Radar,indirect,B,local,0.6,2,1000,0.4842736842105263,0.0466246103867494
Radar,indirect,B,local,0.6,3,1000,0.4152842105263158,0.0419233485107517
Radar,indirect,B,local,0.6,4,1000,0.4769263157894736,0.0463758102859333
Radar,indirect,B,local,0.7,0,1000,0.3784631578947368,0.039975521525887
Radar,indirect,B,local,0.7,1,1000,0.5447157894736842,0.0530407333199482
Radar,indirect,B,local,0.7,2,1000,0.491378947368421,0.0471422967276294
Radar,indirect,B,local,0.7,3,1000,0.4131789473684211,0.0417861956306111
Radar,indirect,B,local,0.7,4,1000,0.4822526315789474,0.0468604506149753
Radar,indirect,B,local,0.8,0,1000,0.3766736842105263,0.0398595631785718
Radar,indirect,B,local,0.8,1,1000,0.5488631578947368,0.0535554091791358
Radar,indirect,B,local,0.8,2,1000,0.496,0.0474856434990526
Radar,indirect,B,local,0.8,3,1000,0.4146421052631579,0.0418051057564125
Radar,indirect,B,local,0.8,4,1000,0.4881894736842105,0.0475155367174559
Radar,indirect,B,local,0.9,0,1000,0.3749473684210526,0.039734527119435
Radar,indirect,B,local,0.9,1,1000,0.5519578947368421,0.0537197044332487
Radar,indirect,B,local,0.9,2,1000,0.4848631578947368,0.0464955952196705
Radar,indirect,B,local,0.9,3,1000,0.4337473684210526,0.0427657823382403
Radar,indirect,B,local,0.9,4,1000,0.4916,0.0476281214185464
Radar,indirect,B,local,1.0,0,1000,0.3700421052631579,0.0393833644122441
Radar,indirect,B,local,1.0,1,1000,0.5533473684210527,0.0537037860419599
Radar,indirect,B,local,1.0,2,1000,0.4749157894736842,0.0459854547573268
Radar,indirect,B,local,1.0,3,1000,0.4436947368421053,0.0438342752146723
Radar,indirect,B,local,1.0,4,1000,0.4854315789473684,0.0470477623179846
iForest,none,B,local,0.0,0,1000,0.7200421052631578,0.137173852657665
iForest,none,B,local,0.0,1,1000,0.6310526315789474,0.0878065286517742
iForest,none,B,local,0.0,2,1000,0.5893473684210526,0.0724964272744589
iForest,none,B,local,0.0,3,1000,0.6664000000000001,0.1199366621455885
iForest,none,B,local,0.0,4,1000,0.5084210526315789,0.066986567540769
iForest,none,B,local,0.1,0,1000,0.5158315789473684,0.0520194883723981
iForest,none,B,local,0.1,1,1000,0.4506947368421053,0.0450650667936556
iForest,none,B,local,0.1,2,1000,0.3651368421052631,0.0375815227301682
iForest,none,B,local,0.1,3,1000,0.4333473684210526,0.0448448169668753
iForest,none,B,local,0.1,4,1000,0.2994105263157894,0.0354061608168528
iForest,none,B,local,0.2,0,1000,0.2710105263157895,0.0318971547146166
iForest,none,B,local,0.2,1,1000,0.243621052631579,0.0308357811350142
iForest,none,B,local,0.2,2,1000,0.1784,0.0289205195995734
iForest,none,B,local,0.2,3,1000,0.1934315789473684,0.0291841950081028
iForest,none,B,local,0.2,4,1000,0.1565263157894737,0.028217374477628
iForest,none,B,local,0.3,0,1000,0.0970736842105263,0.027088204842002
iForest,none,B,local,0.3,1,1000,0.0865894736842105,0.0268415837653263
iForest,none,B,local,0.3,2,1000,0.0796,0.0268903891824682
iForest,none,B,local,0.3,3,1000,0.0654526315789473,0.026590696633588
iForest,none,B,local,0.3,4,1000,0.0603368421052631,0.0264324181679068
iForest,none,B,local,0.4,0,1000,0.0278736842105263,0.0261305890029663
iForest,none,B,local,0.4,1,1000,0.0101473684210526,0.0260038836898092
iForest,none,B,local,0.4,2,1000,0.0184842105263157,0.0260744843970388
iForest,none,B,local,0.4,3,1000,0.0096631578947368,0.0259977872192313
iForest,none,B,local,0.4,4,1000,0.0117473684210526,0.025971035651409
iForest,none,B,local,0.5,0,1000,0.0024631578947368,0.0259414761543268
iForest,none,B,local,0.5,1,1000,0.0013263157894736,0.0259332995128842
iForest,none,B,local,0.5,2,1000,0.0029263157894736,0.0259419903701805
iForest,none,B,local,0.5,3,1000,0.0007157894736842,0.0259304509117015
iForest,none,B,local,0.5,4,1000,0.0021473684210526,0.0259313171484538
iForest,none,B,local,0.6,0,1000,0.0001473684210526,0.0259274351952115
iForest,none,B,local,0.6,1,1000,0.0001052631578947,0.0259274344952421
iForest,none,B,local,0.6,2,1000,0.0002526315789473,0.0259276348599538
iForest,none,B,local,0.6,3,1000,0.0001052631578947,0.0259275657906701
iForest,none,B,local,0.6,4,1000,0.0001684210526315,0.0259274139974689
iForest,none,B,local,0.7,0,1000,0.0,0.0259272355839443
iForest,none,B,local,0.7,1,1000,0.0,0.0259272355839443
iForest,none,B,local,0.7,2,1000,0.0,0.0259272355839443
iForest,none,B,local,0.7,3,1000,0.0,0.0259272355839443
iForest,none,B,local,0.7,4,1000,0.0,0.0259272355839443
iForest,none,B,local,0.8,0,1000,0.0,0.0259272355839443
iForest,none,B,local,0.8,1,1000,0.0,0.0259272355839443
iForest,none,B,local,0.8,2,1000,0.0,0.0259272355839443
iForest,none,B,local,0.8,3,1000,0.0,0.0259272355839443
iForest,none,B,local,0.8,4,1000,0.0,0.0259272355839443
iForest,none,B,local,0.9,0,1000,0.0,0.0259272355839443
iForest,none,B,local,0.9,1,1000,0.0,0.0259272355839443
iForest,none,B,local,0.9,2,1000,0.0,0.0259272355839443
iForest,none,B,local,0.9,3,1000,0.0,0.0259272355839443
iForest,none,B,local,0.9,4,1000,0.0,0.0259272355839443
iForest,none,B,local,1.0,0,1000,0.0,0.0339721833682756
iForest,none,B,local,1.0,1,1000,0.0,0.0337426421704673
iForest,none,B,local,1.0,2,1000,0.0,0.0338027451104034
iForest,none,B,local,1.0,3,1000,0.0,0.0341443827716895
iForest,none,B,local,1.0,4,1000,0.0,0.0337426421704673
AnomalyDAE,indirect,C,none,0.0,0,1000,0.5348421052631579,0.0503253539963675
AnomalyDAE,indirect,C,none,0.0,1,1000,0.4579578947368421,0.0435920771799945
AnomalyDAE,indirect,C,none,0.0,2,1000,0.4304210526315789,0.0420268294603899
AnomalyDAE,indirect,C,none,0.0,3,1000,0.461978947368421,0.044037998020949
AnomalyDAE,indirect,C,none,0.0,4,1000,0.4279368421052631,0.0427386778076738
CoLA,indirect,C,none,0.0,0,1000,0.6235157894736842,0.0632000006828266
CoLA,indirect,C,none,0.0,1,1000,0.7033263157894738,0.086037992843059
CoLA,indirect,C,none,0.0,2,1000,0.603221052631579,0.0593882044747052
CoLA,indirect,C,none,0.0,3,1000,0.6279368421052631,0.064725515649178
CoLA,indirect,C,none,0.0,4,1000,0.5860210526315789,0.0577935655672857
DOMINANT,indirect,C,none,0.0,0,1000,0.9595368421052632,0.6450636955140988
DOMINANT,indirect,C,none,0.0,1,1000,0.9351368421052632,0.5979459875027898
DOMINANT,indirect,C,none,0.0,2,1000,0.9223157894736842,0.5224187617415366
DOMINANT,indirect,C,none,0.0,3,1000,0.946378947368421,0.5574554131641106
DOMINANT,indirect,C,none,0.0,4,1000,0.956,0.7001163133226336
DONE,indirect,C,none,0.0,0,1000,0.9860210526315788,0.7982060076800761
DONE,indirect,C,none,0.0,1,1000,0.9826105263157896,0.5620190058088198
DONE,indirect,C,none,0.0,2,1000,1.0,1.0
DONE,indirect,C,none,0.0,3,1000,1.0,1.0
DONE,indirect,C,none,0.0,4,1000,1.0,1.0
GAE,direct,C,none,0.0,0,1000,1.0,1.0
GAE,direct,C,none,0.0,1,1000,0.9999157894736842,0.9984226059654631
GAE,direct,C,none,0.0,2,1000,1.0,1.0
GAE,direct,C,none,0.0,3,1000,1.0,1.0
GAE,direct,C,none,0.0,4,1000,1.0,1.0
GCAD,indirect,C,none,0.0,0,1000,0.6379368421052631,0.0818928182174803
GCAD,indirect,C,none,0.0,1,1000,0.643242105263158,0.0864917556000805
GCAD,indirect,C,none,0.0,2,1000,0.5879157894736842,0.0939968737636271
GCAD,indirect,C,none,0.0,3,1000,0.690378947368421,0.1388404685647113
GCAD,indirect,C,none,0.0,4,1000,0.6468631578947369,0.1022175597786028
GCAD+IDK,indirect,C,none,0.0,0,1000,0.6371578947368421,0.087627907658478
GCAD+IDK,indirect,C,none,0.0,1,1000,0.6510736842105264,0.083395828298866
GCAD+IDK,indirect,C,none,0.0,2,1000,0.6275368421052632,0.1049332450731688
GCAD+IDK,indirect,C,none,0.0,3,1000,0.6899684210526316,0.1371316804124027
GCAD+IDK,indirect,C,none,0.0,4,1000,0.612957894736842,0.0842542051475951
IDK,none,C,none,0.0,0,1000,0.4746315789473684,0.0464488438750307
IDK,none,C,none,0.0,1,1000,0.453,0.0502041902699803
IDK,none,C,none,0.0,2,1000,0.417978947368421,0.0460671141801263
IDK,none,C,none,0.0,3,1000,0.5042210526315789,0.050817499123712
IDK,none,C,none,0.0,4,1000,0.4767894736842105,0.0470994996401411
LOF,none,C,none,0.0,0,1000,0.502821052631579,0.0488061564145183
LOF,none,C,none,0.0,1,1000,0.4341263157894736,0.0426853188420224
LOF,none,C,none,0.0,2,1000,0.4493263157894737,0.0470162522836597
LOF,none,C,none,0.0,3,1000,0.4574105263157895,0.050086636944688
LOF,none,C,none,0.0,4,1000,0.4778736842105263,0.0487820855131358
ONE,indirect,C,none,0.0,0,1000,0.5329473684210526,0.0674080846925755
ONE,indirect,C,none,0.0,1,1000,0.5687368421052632,0.0598537301450929
ONE,indirect,C,none,0.0,2,1000,0.4569473684210526,0.0486753225269602
ONE,indirect,C,none,0.0,3,1000,0.5533052631578947,0.09284827328439
ONE,indirect,C,none,0.0,4,1000,0.5370526315789474,0.0886483695821356
Radar,indirect,C,none,0.0,0,1000,0.441978947368421,0.0421673166798424
Radar,indirect,C,none,0.0,1,1000,0.4431157894736842,0.0419134785181811
Radar,indirect,C,none,0.0,2,1000,0.4366947368421052,0.041639892485601
Radar,indirect,C,none,0.0,3,1000,0.3347578947368421,0.0372208569848363
Radar,indirect,C,none,0.0,4,1000,0.3876210526315789,0.0398665717921076
iForest,none,C,none,0.0,0,1000,0.4766315789473684,0.0454810045816556
iForest,none,C,none,0.0,1,1000,0.4353684210526316,0.0462737468535086
iForest,none,C,none,0.0,2,1000,0.4289894736842105,0.0460081884474471
iForest,none,C,none,0.0,3,1000,0.4718947368421053,0.0483018661773398
iForest,none,C,none,0.0,4,1000,0.4798526315789473,0.048160609392594
